reporting_period,utility_type,service_provider,residential_accounts,total_arrears_thirty_days,residential_repayment_plan_accounts,residential_good_standing_repayment_plan_accounts,repayment_plan_balance,residential_accounts_disconnected_for_nonpayment,residential_accounts_reconnected,residential_accounts_reconnected_<24h,residential_accounts_disconnected_>7d,vulnerable_customer_accounts,past_due_accounts,thirty_days_balances_no_rp,total_arrears_thirty_days_no_rp,thirty_days_balances_rp,total_arrears_thirty_days_rp,sixty_days_balances_no_rp,total_arrears_sixty_days_no_rp,sixty_days_balances_rp,total_arrears_sixty_days_rp,notified_accounts,vulnerable_disconnections,residential_accounts_reconnected_24h_to_48h,residential_accounts_reconnected_>48h,multi_disconnections,avg_reconnection_time,thirty_days_balances,sixty_days_balances,long_term_arrears_ratio,sixty_days_arrears_rp_ratio,thirty_days_arrears_rp_ratio,rp_balance_per_account,account_disconnection_rate,>24h_disconnection_rate,total_arrears_sixty_days,thirty_day_arrear_account_ratio,sixty_day_arrear_account_ratio,rp_balance_per_all_account,average_arrears_thirty_days,average_arrears_sixty_days,average_thirty_day_arrear_balance,average_sixty_day_arrear_balance,total_arrears
2020-08-31,Electric,Dominion Energy,104772.0,8173484.0,832.0,832.0,1641775.0,0.0,0.0,0.0,0.0,,,,,,,,,,,,,,,,,,,,,,1973.2872596153845,0.0,,,,,15.66997862024205,78.01210247012561,,,,
2020-08-31,Electric,Duke Energy Carolinas,1816527.0,96703286.0,0.0,0.0,0.0,0.0,0.0,0.0,0.0,,,,,,,,,,,,,,,,,,,,,,,0.0,,,,,0.0,53.2352593713168,,,,
2020-08-31,Electric,Duke Energy Progress,1241513.0,74279244.0,0.0,0.0,0.0,0.0,0.0,0.0,0.0,,,,,,,,,,,,,,,,,,,,,,,0.0,,,,,0.0,59.82961434958796,,,,
2020-08-31,Electric,Total,3162812.0,179156014.0,832.0,832.0,1641775.0,0.0,0.0,0.0,0.0,,,,,,,,,,,,,,,,,,,,,,1973.2872596153845,0.0,,,,,0.5190871287955149,56.644534673575286,,,,
2020-09-30,Electric,Dominion Energy,104874.0,9037986.06,873.0,873.0,2000303.99,0.0,0.0,0.0,0.0,,,,,,,,,,,,,,,,,,,,,,2291.2989576174114,0.0,,,,,19.073402273204035,86.1794730819841,,,,
2020-09-30,Electric,Duke Energy Carolinas,1806243.0,116083030.0,0.0,0.0,0.0,0.0,0.0,0.0,0.0,,,,,,,,,,,,,,,,,,,,,,,0.0,,,,,0.0,64.2676705183079,,,,
2020-09-30,Electric,Duke Energy Progress,1243743.0,70537715.0,0.0,0.0,0.0,0.0,0.0,0.0,0.0,,,,,,,,,,,,,,,,,,,,,,,0.0,,,,,0.0,56.714059898226566,,,,
2020-09-30,Electric,Total,3154860.0,195658731.06,873.0,873.0,2000303.99,0.0,0.0,0.0,0.0,,,,,,,,,,,,,,,,,,,,,,2291.2989576174114,0.0,,,,,0.6340389082241368,62.01819765694833,,,,
2020-10-31,Electric,Dominion Energy,104921.0,10191863.41,4944.0,4944.0,5759074.35,0.0,0.0,0.0,0.0,,,,,,,,,,,,,,,,,,,,,,1164.8613167475728,0.0,,,,,54.88962505122902,97.13845092974715,,,,
2020-10-31,Electric,Duke Energy Carolinas,1811645.0,119195324.0,53359.0,53359.0,45036894.0,0.0,0.0,0.0,0.0,,,,,,,,,,,,,,,,,,,,,,844.0355703817538,0.0,,,,,24.85966842289742,65.79397398496945,,,,
2020-10-31,Electric,Duke Energy Progress,1246293.0,51202712.0,50683.0,37662.0,4995092.0,0.0,0.0,0.0,0.0,,,,,,,,,,,,,,,,,,,,,,98.55557090148571,0.0,,,,,4.007959605004602,41.084008335118625,,,,
2020-10-31,Electric,Total,3162859.0,180589899.41,108986.0,95965.0,55791060.35,0.0,0.0,0.0,0.0,,,,,,,,,,,,,,,,,,,,,,511.9103403189401,0.0,,,,,17.63943961776355,57.0970439750871,,,,
2020-11-30,Electric,Dominion Energy,104921.0,11080488.42,7001.0,7001.0,7797554.2,5.0,1.0,1.0,0.0,,,,,,,,,,,,,,,,,,,,,,1113.7772032566777,4.765490225979546e-05,0.8,,,,74.31833665329152,105.6079185291791,,,,
2020-11-30,Electric,Duke Energy Carolinas,1830590.0,92660457.0,85936.0,85936.0,53000826.0,4185.0,2799.0,2139.0,0.0,,,,,,,,,,,,,,,,,,,,,,616.747649413517,0.002286148181733758,0.48888888888888893,,,,28.952865469602695,50.61781010493885,,,,
2020-11-30,Electric,Duke Energy Progress,1245416.0,27383285.0,71433.0,50951.0,6542737.0,12776.0,10549.0,9586.0,261.0,,,,,,,,,,,,,,,,,,,,,,91.5926392563661,0.010258419676638167,0.24968691296180334,,,,5.253455070434296,21.987259678693704,,,,
2020-11-30,Electric,Total,3180927.0,131124230.42,164370.0,143888.0,67341117.2,16966.0,13349.0,11726.0,261.0,,,,,,,,,,,,,,,,,,,,,,409.6922625783294,0.00533366531203011,0.30885300011788286,,,,21.17028061316717,41.22201811610263,,,,
2020-12-31,Electric,Dominion Energy,105087.0,10677485.43,7552.0,7552.0,7541551.47,22.0,10.0,8.0,12.0,,,,,,,,,,,,,,,,,,,,,,998.616455243644,0.0002093503478070551,0.6363636363636364,,,,71.76483742042308,101.60614947614833,,,,
2020-12-31,Electric,Duke Energy Carolinas,1829121.0,97117464.0,88318.0,88318.0,48519583.0,5547.0,4102.0,3123.0,0.0,,,,,,,,,,,,,,,,,,,,,,549.3736610883399,0.0030326041852889994,0.4369929691725257,,,,26.526174594244996,53.095155541924235,,,,
2020-12-31,Electric,Duke Energy Progress,1247906.0,22790517.0,81542.0,59251.0,8209797.0,6309.0,6119.0,4309.0,585.0,,,,,,,,,,,,,,,,,,,,,,100.68182041156705,0.00505566925713956,0.31700744967506733,,,,6.578858503765508,18.2630077906509,,,,
2020-12-31,Electric,Total,3182114.0,130585466.43,177412.0,155121.0,64270931.47,11878.0,10231.0,7440.0,597.0,,,,,,,,,,,,,,,,,,,,,,362.2693587243253,0.0037327386762385007,0.37363192456642536,,,,20.19755780905398,41.03733129297065,,,,
2021-01-31,Electric,Dominion Energy,105170.0,9501893.81,7503.0,7503.0,7419631.87,2.0,1.0,1.0,1.0,,,,,,,,,,,,,,,,,,,,,,988.8886938557911,1.9016829894456594e-05,0.5,,,,70.54893857563944,90.34794912998004,,,,
2021-01-31,Electric,Duke Energy Carolinas,1824852.0,82776274.0,84616.0,84616.0,30863512.0,9313.0,6774.0,5729.0,0.0,,,,,,,,,,,,,,,,,,,,,,364.7479436513189,0.00510342756563272,0.3848383979383657,,,,16.912884990125228,45.3605410192169,,,,
2021-01-31,Electric,Duke Energy Progress,1249692.0,22959641.0,69272.0,49452.0,6221586.0,7248.0,7079.0,6395.0,1411.0,,,,,,,,,,,,,,,,,,,,,,89.81386418755052,0.005799829077884791,0.11768763796909487,,,,4.978495501291518,18.372239719866975,,,,
2021-01-31,Electric,Total,3179714.0,115237808.81,161391.0,141571.0,44504729.87,16563.0,13854.0,12125.0,1412.0,,,,,,,,,,,,,,,,,,,,,,275.75719755128847,0.005208959044744276,0.26794662802632374,,,,13.996456873165322,36.24156411865973,,,,
2021-02-28,Electric,Dominion Energy,105266.0,9317355.06,7227.0,7227.0,7762785.0,29.0,14.0,10.0,1.0,,,,,,,,,,,,,,,,,,,,,,1074.1365711913656,0.0002754925617008341,0.6551724137931034,,,,73.74446639940722,88.51248323295272,,,,
2021-02-28,Electric,Duke Energy Carolinas,1639980.0,86261123.0,83591.0,83591.0,20373910.0,7810.0,6573.0,5464.0,0.0,,,,,,,,,,,,,,,,,,,,,,243.7332966467682,0.004762253198209734,0.30038412291933414,,,,12.423267356918986,52.59888718155099,,,,
2021-02-28,Electric,Duke Energy Progress,1251797.0,27758005.0,70007.0,49245.0,7133934.0,7230.0,7539.0,6835.0,1447.0,,,,,,,,,,,,,,,,,,,,,,101.90315254188867,0.005775696858196656,0.05463347164591981,,,,5.698954383178743,22.17452590156391,,,,
2021-02-28,Electric,Total,2997043.0,123336483.06,160825.0,140063.0,35270629.0,15069.0,14126.0,12309.0,1448.0,,,,,,,,,,,,,,,,,,,,,,219.3106109124825,0.005027955888520785,0.18315747561218398,,,,11.768476127970136,41.15272388817912,,,,
2021-03-31,Electric,Dominion Energy,105381.0,9367496.59,6248.0,6248.0,6440888.87,0.0,0.0,0.0,0.0,,,,,,,,,,,,,,,,,,,,,,1030.872098271447,0.0,,,,,61.12002040215978,88.8917033431074,,,,
2021-03-31,Electric,Duke Energy Carolinas,1823576.0,80128813.0,84144.0,84144.0,14666220.0,0.0,30.0,0.0,0.0,,,,,,,,,,,,,,,,,,,,,,174.29905875641757,0.0,,,,,8.042560332007001,43.94048452052451,,,,
2021-03-31,Electric,Duke Energy Progress,1254159.0,30386308.0,60851.0,43189.0,5671553.0,2.0,45.0,0.0,0.0,,,,,,,,,,,,,,,,,,,,,,93.20394077336445,1.594694133678425e-06,1.0,,,,4.522196148973136,24.2284335558729,,,,
2021-03-31,Electric,Total,3183116.0,119882617.59,151243.0,133581.0,26778661.87,2.0,75.0,0.0,0.0,,,,,,,,,,,,,,,,,,,,,,177.05719848191322,6.283151477985723e-07,1.0,,,,8.41271944534852,37.662032294770285,,,,
2021-04-30,Electric,Dominion Energy,105555.0,10321322.8,5221.0,5221.0,5125579.91,0.0,0.0,0.0,0.0,,,,,,,,,,,,,,,,,,,,,,981.7237904615974,0.0,,,,,48.55838103358439,97.7814674814078,,,,
2021-04-30,Electric,Duke Energy Carolinas,1964174.0,94900350.0,88847.0,88847.0,0.0,0.0,0.0,0.0,0.0,,,,,,,,,,,,,,,,,,,,,,0.0,0.0,,,,,0.0,48.315653297518445,,,,
2021-04-30,Electric,Duke Energy Progress,1256686.0,26408022.0,48519.0,33866.0,4671390.0,0.0,0.0,0.0,0.0,,,,,,,,,,,,,,,,,,,,,,96.27960180547826,0.0,,,,,3.71722928400571,21.014017821476486,,,,
2021-04-30,Electric,Total,3326415.0,131629694.8,142587.0,127934.0,9796969.91,0.0,0.0,0.0,0.0,,,,,,,,,,,,,,,,,,,,,,68.70871755489631,0.0,,,,,2.945203743369363,39.57103812963806,,,,
2021-05-31,Electric,Dominion Energy,105621.0,11472007.6,4636.0,4636.0,4682415.62,0.0,0.0,0.0,0.0,,,,,,,,,,,,,,,,,,,,,,1010.0119974115618,0.0,,,,,44.33224093693489,108.61483606479771,,,,
2021-05-31,Electric,Duke Energy Carolinas,1796995.0,100775518.0,89088.0,89088.0,0.0,0.0,0.0,0.0,0.0,,,,,,,,,,,,,,,,,,,,,,0.0,0.0,,,,,0.0,56.0800213690077,,,,
2021-05-31,Electric,Duke Energy Progress,1258906.0,24918516.0,48973.0,36913.0,5394822.0,352.0,216.0,203.0,0.0,,,,,,,,,,,,,,,,,,,,,,110.15910807996242,0.0002796078499903885,0.4232954545454546,,,,4.285325512786499,19.793786033270155,,,,
2021-05-31,Electric,Total,3161522.0,137166041.6,142697.0,130637.0,10077237.620000001,352.0,216.0,203.0,0.0,,,,,,,,,,,,,,,,,,,,,,70.61982816737563,0.00011133877923354638,0.4232954545454546,,,,3.18746401891241,43.386078477391585,,,,
2021-06-30,Electric,Dominion Energy,105784.0,11834143.01,4493.0,4493.0,4666240.49,0.0,0.0,0.0,0.0,,,,,,,,,,,,,,,,,,,,,,1038.5578655686625,0.0,,,,,44.11102331165394,111.87082176888754,,,,
2021-06-30,Electric,Duke Energy Carolinas,1800523.0,102524002.0,66365.0,66365.0,37103152.0,0.0,0.0,0.0,0.0,,,,,,,,,,,,,,,,,,,,,,559.0771038951254,0.0,,,,,20.606874780272175,56.941234296923724,,,,
2021-06-30,Electric,Duke Energy Progress,1259617.0,24045849.0,35805.0,26441.0,2970687.0,4785.0,3271.0,2937.0,88.0,,,,,,,,,,,,,,,,,,,,,,82.96849602010893,0.003798773754244346,0.38620689655172413,,,,2.358404975480642,19.089809839022497,,,,
2021-06-30,Electric,Total,3165924.0,138403994.01,106663.0,97299.0,44740079.49,4785.0,3271.0,2937.0,88.0,,,,,,,,,,,,,,,,,,,,,,419.4526639040717,0.0015114070963169047,0.38620689655172413,,,,14.131760424444808,43.71677715889579,,,,
2021-07-31,Electric,Dominion Energy,105833.0,11413979.75,4431.0,4431.0,4650909.75,0.0,0.0,0.0,0.0,,,,,,,,,,,,,,,,,,,,,,1049.6298239675016,0.0,,,,,43.9457423487948,107.8489672408417,,,,
2021-07-31,Electric,Duke Energy Carolinas,1805303.0,105552875.0,86797.0,86797.0,44181045.0,191.0,124.0,102.0,14.0,,,,,,,,,,,,,,,,,,,,,,509.0158069979377,0.00010579941428114838,0.46596858638743455,,,,24.47292504360764,58.46823220257209,,,,
2021-07-31,Electric,Duke Energy Progress,1261675.0,20363261.0,47301.0,37622.0,3332322.0,8219.0,6469.0,5873.0,553.0,,,,,,,,,,,,,,,,,,,,,,70.44929282679013,0.006514355915746924,0.2854361844506631,,,,2.641188895714031,16.139862484395742,,,,
2021-07-31,Electric,Total,3172811.0,137330115.75,138529.0,128850.0,52164276.75,8410.0,6593.0,5975.0,567.0,,,,,,,,,,,,,,,,,,,,,,376.5585310656974,0.0026506463826556324,0.28953626634958385,,,,16.44102871239415,43.283421467588205,,,,
2021-08-31,Electric,Dominion Energy,105946.0,11226011.46,4749.0,4749.0,5502165.56,0.0,0.0,0.0,0.0,,,,,,,,,,,,,,,,,,,,,,1158.5945588544955,0.0,,,,,51.9336790440413,105.95974798482247,,,,
2021-08-31,Electric,Duke Energy Carolinas,1809280.0,123894378.0,76939.0,76939.0,49838584.0,639.0,417.0,335.0,123.0,,,,,,,,,,,,,,,,,,,,,,647.7675041266458,0.0003531791651927839,0.4757433489827856,,,,27.54608684117439,68.47717213477185,,,,
2021-08-31,Electric,Duke Energy Progress,1263644.0,31537253.0,44870.0,35408.0,3730224.0,8332.0,6864.0,6311.0,1166.0,,,,,,,,,,,,,,,,,,,,,,83.13403164698016,0.006593629218355802,0.24255880940950547,,,,2.9519579881675537,24.957387523701296,,,,
2021-08-31,Electric,Total,3178870.0,166657642.46,126558.0,117096.0,59070973.56,8971.0,7281.0,6646.0,1289.0,,,,,,,,,,,,,,,,,,,,,,466.7502138150097,0.0028220719941362813,0.2591684316129751,,,,18.58238102218713,52.42669327779998,,,,
2021-09-30,Electric,Dominion Energy,106043.0,11421493.48,4894.0,4894.0,5952559.61,0.0,0.0,0.0,0.0,,,,,,,,,,,,,,,,,,,,,,1216.2974274621986,0.0,,,,,56.13345161868299,107.7062463340343,,,,
2021-09-30,Electric,Duke Energy Carolinas,1812603.0,122623529.0,90369.0,90369.0,60269005.0,5691.0,3020.0,2541.0,745.0,,,,,,,,,,,,,,,,,,,,,,666.9212340514999,0.0031396836483223297,0.5535055350553506,,,,33.249975311747804,67.65051641203286,,,,
2021-09-30,Electric,Duke Energy Progress,1265158.0,30561627.0,45284.0,36014.0,4815638.0,8458.0,6968.0,6397.0,1724.0,,,,,,,,,,,,,,,,,,,,,,106.34303506757354,0.006685331002135701,0.2436746275715299,,,,3.8063530404898045,24.156371773327916,,,,
2021-09-30,Electric,Total,3183804.0,164606649.48,140547.0,131277.0,71037202.61,14149.0,9988.0,8938.0,2469.0,,,,,,,,,,,,,,,,,,,,,,505.4337880566643,0.004444054973233277,0.36829457912219943,,,,22.312052692313973,51.70125091871233,,,,
2021-10-31,Electric,Dominion Energy,106028.0,11822110.35,6030.0,6030.0,8049901.5,140.0,39.0,33.0,101.0,,,,,,,,,,,,,,,,,,,,,,1334.9753731343283,0.0013204059305089223,0.7642857142857142,,,,75.9224120043762,111.49989012336364,,,,
2021-10-31,Electric,Duke Energy Carolinas,1813613.0,127337170.0,93269.0,93269.0,62386724.0,963.0,480.0,481.0,185.0,,,,,,,,,,,,,,,,,,,,,,668.8902422026612,0.0005309842838576918,0.5005192107995846,,,,34.39913807410952,70.21187541112685,,,,
2021-10-31,Electric,Duke Energy Progress,1268401.0,37546512.0,44429.0,27025.0,6035823.0,1.0,150.0,57.0,70.0,,,,,,,,,,,,,,,,,,,,,,135.85322649620744,7.883942065640124e-07,-56.0,,,,4.7586078850458176,29.601452537486175,,,,
2021-10-31,Electric,Total,3188042.0,176705792.35,143728.0,126324.0,76472448.5,1104.0,669.0,571.0,356.0,,,,,,,,,,,,,,,,,,,,,,532.0636793109206,0.0003462940576065184,0.48278985507246375,,,,23.98727761428488,55.42768644515976,,,,
2021-11-30,Electric,Dominion Energy,105941.0,13913603.2,7441.0,7441.0,9458790.55,292.0,107.0,72.0,196.0,,,,,,,,,,,,,,,,,,,,,,1271.1719594140573,0.00275625112090692,0.7534246575342466,,,,89.28356868445645,131.33350827347297,,,,
2021-11-30,Electric,Duke Energy Carolinas,1816054.0,123033956.0,85060.0,85060.0,57055740.0,461.0,210.0,191.0,5.0,,,,,,,,,,,,,,,,,,,,,,670.7705149306372,0.00025384707723448755,0.5856832971800434,,,,31.417424812257785,67.74796123903805,,,,
2021-11-30,Electric,Duke Energy Progress,1275434.0,51631484.0,41127.0,41127.0,16969936.0,0.0,0.0,0.0,0.0,,,,,,,,,,,,,,,,,,,,,,412.62275390862453,0.0,,,,,13.30522473134635,40.48150198285446,,,,
2021-11-30,Electric,Total,3197429.0,188579043.2,133628.0,133628.0,83484466.55,753.0,317.0,263.0,201.0,,,,,,,,,,,,,,,,,,,,,,624.752795447062,0.00023550171090585593,0.650730411686587,,,,26.109873448323636,58.97833640715712,,,,
2021-12-31,Electric,Dominion Energy,106011.0,11673853.97,6898.0,6898.0,8710699.33,110.0,41.0,31.0,70.0,,,,,,,,,,,,,,,,,,,,,,1262.7862177442737,0.0010376281706615351,0.7181818181818183,,,,82.16788191791417,110.11927035873636,,,,
2021-12-31,Electric,Duke Energy Carolinas,1818281.0,124954518.0,81457.0,81457.0,54136001.0,2258.0,1154.0,1079.0,209.0,,,,,,,,,,,,,,,,,,,,,,664.5960568152523,0.0012418322580503233,0.5221434898139947,,,,29.77317642322611,68.72123615656766,,,,
2021-12-31,Electric,Duke Energy Progress,1278352.0,57142062.0,40869.0,40869.0,19478425.0,0.0,0.0,0.0,0.0,,,,,,,,,,,,,,,,,,,,,,476.60635200274044,0.0,,,,,15.237137345582438,44.69978691315068,,,,
2021-12-31,Electric,Total,3202644.0,193770433.97,129224.0,129224.0,82325125.33,2368.0,1195.0,1110.0,279.0,,,,,,,,,,,,,,,,,,,,,,637.0730307837554,0.0007393890797728377,0.53125,,,,25.705362609768677,60.50326978896187,,,,
2022-01-31,Electric,Dominion Energy,106149.0,10932424.28,6830.0,6830.0,8798405.9,1.0,5.0,1.0,0.0,,,,,,,,,,,,,,,,,,,,,,1288.1999853587117,9.42071993141716e-06,0.0,,,,82.88731782682834,102.99130731330487,,,,
2022-01-31,Electric,Duke Energy Carolinas,1820291.0,126621881.0,77976.0,77976.0,51217609.0,1012.0,545.0,445.0,198.0,,,,,,,,,,,,,,,,,,,,,,656.8381168564687,0.0005559550643276268,0.5602766798418972,,,,28.137044571444896,69.56133991762856,,,,
2022-01-31,Electric,Duke Energy Progress,1280333.0,63090098.0,44623.0,44623.0,22083625.0,0.0,0.0,0.0,0.0,,,,,,,,,,,,,,,,,,,,,,494.8933285525402,0.0,,,,,17.248344766556826,49.27631951999987,,,,
2022-01-31,Electric,Total,3206773.0,200644403.28,129429.0,129429.0,82099639.9,1013.0,550.0,446.0,198.0,,,,,,,,,,,,,,,,,,,,,,634.3218281837919,0.000315893890836676,0.5597235932872655,,,,25.601949342844037,62.5689449424702,,,,
2022-02-28,Electric,Dominion Energy,106211.0,10897415.12,6943.0,6943.0,9002654.45,136.0,69.0,55.0,92.0,,,,,,,,,,,,,,,,,,,,,,1296.651944404436,0.0012804700078146332,0.5955882352941176,,,,84.76197804370544,102.60156782254191,,,,
2022-02-28,Electric,Duke Energy Carolinas,1822162.0,131166767.0,76706.0,76706.0,51824278.0,940.0,544.0,456.0,73.0,,,,,,,,,,,,,,,,,,,,,,675.6222199045707,0.0005158707074343554,0.5148936170212766,,,,28.441092504398622,71.98414136613539,,,,
2022-02-28,Electric,Duke Energy Progress,1282379.0,69984617.0,43107.0,43107.0,25800731.0,9.0,7.0,5.0,0.0,,,,,,,,,,,,,,,,,,,,,,598.5276405224209,7.0182060061807e-06,0.4444444444444444,,,,20.119427252005842,54.57405104107288,,,,
2022-02-28,Electric,Total,3210752.0,212048799.12,126756.0,126756.0,86627663.45,1085.0,620.0,516.0,165.0,,,,,,,,,,,,,,,,,,,,,,683.420614803244,0.00033792706506139374,0.5244239631336405,,,,26.9804903804467,66.04334408886143,,,,
2022-03-31,Electric,Dominion Energy,106249.0,10912901.99,7017.0,7017.0,9481734.53,258.0,136.0,112.0,127.0,,,,,,,,,,,,,,,,,,,,,,1351.2518925466723,0.002428258148311984,0.5658914728682171,,,,89.24069431241705,102.71063247654095,,,,
2022-03-31,Electric,Duke Energy Carolinas,1824835.0,140569738.0,76042.0,76042.0,56013465.0,426.0,209.0,190.0,93.0,,,,,,,,,,,,,,,,,,,,,,736.6122011519949,0.0002334457635895848,0.5539906103286385,,,,30.69508476108799,77.03147846243633,,,,
2022-03-31,Electric,Duke Energy Progress,1284168.0,81730983.0,46353.0,46353.0,30441435.0,81.0,49.0,41.0,19.0,,,,,,,,,,,,,,,,,,,,,,656.7306323215325,6.307585923337133e-05,0.49382716049382713,,,,23.70518109780029,63.64508615695143,,,,
2022-03-31,Electric,Total,3215252.0,233213622.99,129412.0,129412.0,95936634.53,765.0,394.0,343.0,239.0,,,,,,,,,,,,,,,,,,,,,,741.3271916823787,0.00023792847341359247,0.5516339869281046,,,,29.83798300413156,72.5335441794298,,,,
2022-04-30,Electric,Dominion Energy,106273.0,11787532.0,7050.0,7050.0,9733884.0,183.0,106.0,86.0,90.0,,,,,,,,,,,,,,,,,,,,,,1380.692765957447,0.0017219801831133024,0.5300546448087431,,,,91.59319864876309,110.91746727767166,,,,
2022-04-30,Electric,Duke Energy Carolinas,1826140.0,137196410.0,88165.0,88165.0,69609411.0,157.0,86.0,76.0,3.0,,,,,,,,,,,,,,,,,,,,,,789.5356547382748,8.597369314510388e-05,0.5159235668789809,,,,38.11833211035299,75.12918505700549,,,,
2022-04-30,Electric,Duke Energy Progress,1285428.0,89222824.0,57452.0,57452.0,49656235.0,179.0,77.0,68.0,6.0,,,,,,,,,,,,,,,,,,,,,,864.308205110353,0.00013925322927460737,0.6201117318435754,,,,38.630117750663594,69.41098529050247,,,,
2022-04-30,Electric,Total,3217841.0,238206766.0,152667.0,152667.0,128999530.0,519.0,269.0,230.0,99.0,,,,,,,,,,,,,,,,,,,,,,844.9732424165013,0.00016128826750607008,0.5568400770712909,,,,40.088845284773235,74.02689132247367,,,,
2022-05-31,Electric,Dominion Energy,106300.0,12217746.72,6683.0,6683.0,8837225.19,202.0,99.0,69.0,110.0,,,,,,,,,,,,,,,,,,,,,,1322.3440356127487,0.0019002822201317027,0.6584158415841583,,,,83.13476190028221,114.93646961429916,,,,
2022-05-31,Electric,Duke Energy Carolinas,1828553.0,128588951.0,77535.0,77535.0,61095150.0,3872.0,1924.0,1616.0,488.0,,,,,,,,,,,,,,,,,,,,,,787.968659315148,0.0021175213406447613,0.5826446280991735,,,,33.41174688401156,70.32279130000607,,,,
2022-05-31,Electric,Duke Energy Progress,1287787.0,84779305.0,50514.0,50514.0,41676599.0,1379.0,704.0,584.0,185.0,,,,,,,,,,,,,,,,,,,,,,825.050461258265,0.0010708292598077167,0.5765047135605511,,,,32.362959868363326,65.83332880359873,,,,
2022-05-31,Electric,Total,3222640.0,225586002.72,134732.0,134732.0,111608974.19,5453.0,2727.0,2269.0,783.0,,,,,,,,,,,,,,,,,,,,,,828.3776251373096,0.0016920909564828836,0.5838987713185402,,,,34.63277753332671,70.00037320954249,,,,
2022-06-30,Electric,Dominion Energy,106419.0,12079811.96,7005.0,7005.0,9475339.12,100.0,58.0,2.0,94.0,,,,,,,,,,,,,,,,,,,,,,1352.6536930763739,0.0009396818237344836,0.98,,,,89.03803944784295,113.51179732942427,,,,
2022-06-30,Electric,Duke Energy Carolinas,1830078.0,122936912.0,73108.0,73108.0,56678981.0,6207.0,3366.0,2660.0,1028.0,,,,,,,,,,,,,,,,,,,,,,775.2774115007934,0.0033916587161858676,0.5714515869179958,,,,30.97080069811232,67.17577720731029,,,,
2022-06-30,Electric,Duke Energy Progress,1289697.0,83042144.0,47396.0,47396.0,37059419.0,3422.0,1620.0,1334.0,467.0,,,,,,,,,,,,,,,,,,,,,,781.9102666891721,0.002653336403821983,0.6101694915254237,,,,28.734981162241983,64.38887893823123,,,,
2022-06-30,Electric,Total,3226194.0,218058867.96,127509.0,127509.0,103213739.12,9729.0,5044.0,3996.0,1589.0,,,,,,,,,,,,,,,,,,,,,,809.4623839885812,0.003015627702487823,0.5892691951896392,,,,31.992415558394814,67.59012878952723,,,,
2022-07-31,Electric,Dominion Energy,106468.0,11691377.24,5561.0,5561.0,5981331.8,98.0,65.0,39.0,42.0,,,,,,,,,,,,,,,,,,,,,,1075.5856500629384,0.0009204643648795882,0.6020408163265306,,,,56.179620167562085,109.81118495698239,,,,
2022-07-31,Electric,Duke Energy Carolinas,1832116.0,126144178.0,67989.0,67989.0,52717145.0,6026.0,3260.0,2329.0,1132.0,,,,,,,,,,,,,,,,,,,,,,775.3775610760564,0.0032890930486934233,0.613508131430468,,,,28.77391224136463,68.85163275687783,,,,
2022-07-31,Electric,Duke Energy Progress,1291000.0,85748058.0,44678.0,44678.0,35878797.0,3421.0,1803.0,1259.0,694.0,,,,,,,,,,,,,,,,,,,,,,803.0528895653341,0.0026498838109992253,0.6319789535223619,,,,27.791477149496515,66.41987451587916,,,,
2022-07-31,Electric,Total,3229584.0,223583613.24,118228.0,118228.0,94577273.8,9545.0,5128.0,3627.0,1868.0,,,,,,,,,,,,,,,,,,,,,,799.9566414047433,0.0029554890041565726,0.6200104766893662,,,,29.28466136815144,69.22984918181413,,,,
2022-08-31,Electric,Dominion Energy,106527.0,12844251.370000001,5371.0,,5275189.42,98.0,,53.0,,0.0,18050.0,6649.0,6871154.33,4600.0,5973097.04,4424.0,5973097.04,3915.0,3430417.53,7425.0,0.0,50.0,50.0,8.0,1.32,11249.0,8339.0,0.7413103386967731,0.4694807530879002,0.4089252377989155,982.1615006516478,0.0009199545655092136,0.4591836734693877,9403514.57,0.10559764191237903,0.07828062369164625,49.51974072300919,120.57273151407625,88.27353225003989,1141.8127273535426,1127.6549430387338,22247765.94
2022-08-31,Electric,Duke Energy Carolinas,1835035.0,46359632.0,66397.0,,52331427.0,7984.0,,371.0,,,397565.0,194760.0,40094291.0,4121.0,6265341.0,137757.0,53805485.0,60927.0,36333177.0,69357.0,,164.0,448.0,2175.0,0.98,198881.0,198684.0,0.9990094579170459,0.3066527752612188,0.020720933623624177,788.1595102188352,0.004350870691839665,0.9535320641282565,90138662.0,0.10837994915628313,0.1082725942556954,28.517944889334537,25.26362276468841,49.12094973665352,233.10236774754753,453.67851462624066,136498294.0
2022-08-31,Electric,Duke Energy Progress,1293295.0,35640014.0,43722.0,,36895961.0,4600.0,,211.0,,,245164.0,119982.0,30600028.0,3562.0,5039986.0,82501.0,35624994.0,39119.0,24503176.0,37828.0,,90.0,227.0,247.0,0.81,123544.0,121620.0,0.984426601049019,0.3216493997697747,0.028831833193032442,843.8763322812314,0.003556806451737616,0.9541304347826087,60128170.0,0.09552654266814609,0.09403886970876714,28.528650462578142,27.557528638091078,46.49223108416873,288.48033089425627,494.3937674724552,95768184.0
2022-08-31,Electric,Total,3234857.0,94843897.37,115490.0,,94502577.42,12682.0,,635.0,,0.0,660779.0,321391.0,77565473.33,12283.0,17278424.04,224682.0,95403576.03999999,103961.0,64266770.53,114610.0,0.0,304.0,725.0,2430.0,3.1100000000000003,333674.0,328643.0,0.9849224092976977,0.31633413765088564,0.036811378770896144,818.274979825093,0.0039204205935532855,0.9499290332755086,159670346.57,0.10314953644009611,0.10159428994852014,29.213834620819405,29.319347770241468,49.359321469233414,284.2411976060466,485.8473984536412,254514243.94
2022-09-30,Electric,Dominion Energy,106688.0,10443255.66,5560.0,,5513050.98,101.0,,49.0,,0.0,19698.0,6461.0,6329735.23,4593.0,4113520.43,4010.0,5381864.34,3777.0,3288427.22,6962.0,0.0,4.0,48.0,39.0,3.07,11054.0,7787.0,0.7044508775104035,0.4850391678438423,0.4155056992943731,991.5559316546763,0.0009466856628674265,0.5148514851485149,8670291.56,0.10361052789442111,0.0729885272945411,51.67451803389323,97.88594462357528,81.2677298290342,944.7490193595079,1113.4315602927957,19113547.22
2022-09-30,Electric,Duke Energy Carolinas,1838267.0,36395841.0,65433.0,,51189951.0,6727.0,,331.0,,,370113.0,146950.0,30943465.0,2881.0,5452376.0,155354.0,56430569.0,64928.0,39472614.0,66700.0,,110.0,372.0,2311.0,1.19,149831.0,220282.0,1.4702030954875827,0.2947494575135508,0.01922833058579333,782.3262115446335,0.0036594248822396313,0.950795302512264,95903183.0,0.08150665817315983,0.11983134114902787,27.84685304147874,19.798996010916802,52.17043171639376,242.91262155361707,435.3654996776859,132299024.0
2022-09-30,Electric,Duke Energy Progress,1294840.0,28738459.0,42525.0,,35676331.0,3472.0,,142.0,,,229400.0,91260.0,24234195.0,2538.0,4504264.0,93814.0,38430069.0,41788.0,26746150.0,36088.0,,43.0,193.0,540.0,1.38,93798.0,135602.0,1.4456811445873046,0.3081665462161325,0.027058146229130685,838.9495825984715,0.0026814123752741652,0.9591013824884793,65176219.0,0.07243983812671836,0.10472490809675326,27.55269454141052,22.194602421920855,50.33534567977511,306.3866926800145,480.64349345879856,93914678.0
2022-09-30,Electric,Total,3239795.0,75577555.66,113518.0,,92379332.98,10300.0,,522.0,,0.0,619211.0,244671.0,61507395.230000004,10012.0,14070160.43,253178.0,100242502.34,110493.0,69507191.22,109750.0,0.0,157.0,613.0,2890.0,5.64,254683.0,363671.0,1.4279359046343887,0.3038268104963002,0.03931161483098597,813.7857694814919,0.0031792134996195746,0.9493203883495146,169749693.56,0.07861083803141865,0.1122512381184612,28.51394393163765,23.32788206043901,52.39519585652796,296.75147402849814,466.7671977144177,245327249.22
2022-10-31,Electric,Dominion Energy,106671.0,10207561.27,5510.0,,5131670.06,162.0,,43.0,,0.0,19713.0,7396.0,6135022.14,4718.0,4072539.13,3970.0,4940358.76,3681.0,3100317.42,6722.0,0.0,3.0,116.0,25.0,7.82,12114.0,7651.0,0.631583292058775,0.4811135799241929,0.38946673270596005,931.3375789473683,0.0015186883032876789,0.7345679012345678,8040676.18,0.11356413645695644,0.07172521116329648,48.10745244724433,95.6919994187736,75.3782769449991,842.6251667492157,1050.931405045092,18248237.45
2022-10-31,Electric,Duke Energy Carolinas,1840924.0,38145688.0,68284.0,,54668203.0,5842.0,,282.0,,,358690.0,160255.0,32420613.0,2338.0,5725075.0,131770.0,47965960.0,64327.0,39779871.0,74271.0,,107.0,326.0,3133.0,0.76,162593.0,196097.0,1.2060605315111967,0.3280366349306721,0.014379462830503158,800.6004774178431,0.0031734063980913933,0.9517288599794591,87745831.0,0.08832140816242279,0.10652096447218896,29.69606730098581,20.72094665504931,47.66401600500618,234.60842717706174,447.4613635088757,125891519.0
2022-10-31,Electric,Duke Energy Progress,1297190.0,28804253.0,44446.0,,38185627.0,3139.0,,181.0,,,221689.0,97336.0,24297379.0,2088.0,4506874.0,80769.0,34485003.0,41496.0,26878237.0,41503.0,,47.0,177.0,1014.0,0.88,99424.0,122265.0,1.2297332635983265,0.3393939393939394,0.021000965561635016,859.146537371192,0.0024198459747608292,0.9423383243071042,61363240.0,0.07664567256916874,0.09425373306917259,29.43718884666086,22.205114902211704,47.3047433298129,289.7112668973286,501.8872122030017,90167493.0
2022-10-31,Electric,Total,3244785.0,77157502.27,118240.0,,97985500.06,9143.0,,506.0,,0.0,600092.0,264987.0,62853014.14,9144.0,14304488.129999999,216509.0,87391321.75999999,109504.0,69758425.42,122496.0,0.0,157.0,619.0,4172.0,9.46,274131.0,326013.0,1.1892598794007245,0.3358884461662572,0.03335631504645589,828.7001019959405,0.0028177521777251807,0.9446571147325823,157149747.18,0.08448356362594132,0.1004729126891304,30.19784055338027,23.77892595965526,48.43148226461846,281.46215594004326,482.03521693920186,234307249.45
2022-11-30,Electric,Dominion Energy,106794.0,9848359.0,5330.0,,4424565.19,146.0,,51.0,,0.0,18812.0,7673.0,6214339.54,4597.0,3634019.46,4213.0,5066772.41,3593.0,2775439.83,5788.0,0.0,5.0,90.0,27.0,7.78,12270.0,7806.0,0.6361858190709047,0.46028695874967973,0.37465362673186636,830.1248011257037,0.0013671180028840572,0.6506849315068493,7842212.24,0.11489409517388617,0.07309399404460924,41.43084059029534,92.2182800531865,73.43307901192951,802.6372453137734,1004.6390263899565,17690571.240000002
2022-11-30,Electric,Duke Energy Carolinas,1844075.0,34599730.0,68301.0,,53107414.0,4823.0,,222.0,,3.0,385947.0,181702.0,30349918.0,1746.0,4249812.0,138183.0,49241520.0,64316.0,38685295.0,56481.0,,67.0,181.0,3731.0,0.93,183448.0,202499.0,1.103849592255026,0.3176114449947901,0.009517683485238324,777.5495819973353,0.002615403386521698,0.9539705577441426,87926815.0,0.09947968493689248,0.10981060965524721,28.79894472838686,18.76264794002413,47.680715263750116,188.60783437268327,434.2086380673485,122526545.0
2022-11-30,Electric,Duke Energy Progress,1299890.0,24906979.0,45013.0,,37929369.0,2960.0,,148.0,,15.0,239444.0,112190.0,21491702.0,1573.0,3415277.0,83227.0,34484461.0,42454.0,27403662.0,31409.0,,48.0,129.0,1448.0,1.57,113763.0,125681.0,1.1047616536132134,0.3377917107597807,0.0138269912010056,842.6314398062782,0.0022771157559485803,0.95,61888123.0,0.0875174053189116,0.09668587342005862,29.1789066767188,19.160835916885276,47.610277023440446,218.93743132652972,492.42226748673227,86795102.0
2022-11-30,Electric,Total,3250759.0,69355068.0,118644.0,,95461348.19,7929.0,,421.0,,18.0,644203.0,301565.0,58055959.54,7916.0,11299108.46,225623.0,88792753.41,110363.0,68864396.83,93678.0,0.0,120.0,400.0,5206.0,10.280000000000001,309481.0,335986.0,1.0856433836002857,0.32847499598197544,0.025578306907370726,804.6032516604295,0.0024391226787344126,0.9469037709673351,157657150.24,0.09520268958726254,0.10335617005136338,29.365864461191986,21.335038371038888,48.49856610102441,224.10121461414434,469.23726060014405,227012218.24
2022-12-31,Electric,Dominion Energy,106928.0,9495388.71,5106.0,,3773046.16,60.0,,22.0,,0.0,18249.0,7904.0,6344463.45,4351.0,3150925.26,4848.0,5373331.26,3535.0,2504432.09,6268.0,0.0,2.0,36.0,24.0,3.78,12255.0,8383.0,0.684047327621379,0.42168674698795183,0.3550387596899225,738.9436271053663,0.000561125243154272,0.6333333333333333,7877763.35,0.11460983091426007,0.07839854855603771,35.285857399371544,88.80170497905134,73.67353125467604,774.8175201958385,939.7308063938924,17373152.060000002
2022-12-31,Electric,Duke Energy Carolinas,1847743.0,32978098.0,69129.0,,51995180.0,4888.0,,248.0,,13.0,380288.0,163239.0,29739095.0,1783.0,3239003.0,149023.0,47842799.0,66243.0,38258713.0,68245.0,,90.0,207.0,4148.0,1.44,165022.0,215266.0,1.304468495109743,0.307726254958981,0.010804619990061931,752.1471451923215,0.0026453895373977875,0.9492635024549918,86101512.0,0.08931003932906253,0.11650213260177417,28.139833299327883,17.847773202225635,46.59820765117227,199.84061519070184,399.9772932093317,119079610.0
2022-12-31,Electric,Duke Energy Progress,1302462.0,22686441.0,46193.0,,38189920.0,3206.0,,189.0,,38.0,234613.0,98935.0,20233256.0,1599.0,2453185.0,89965.0,32676083.0,44114.0,27599940.0,38555.0,,50.0,159.0,1981.0,0.65,100534.0,134079.0,1.3336682117492589,0.3290149837036374,0.015905066942526906,826.7469097049336,0.0024614921586963764,0.9410480349344978,60276023.0,0.07718766459213397,0.1029427346056929,29.321331447673714,17.418121219659383,46.27852712785479,225.65938886346908,449.55603039998806,82962464.0
2022-12-31,Electric,Total,3257133.0,65159927.71,120428.0,,93958146.16,8154.0,,459.0,,51.0,633150.0,270078.0,56316814.45,7733.0,8843113.26,243836.0,85892213.25999999,113892.0,68363085.09,113068.0,0.0,142.0,402.0,6153.0,5.87,277811.0,357728.0,1.2876667950513119,0.3183759728061544,0.027835470877683028,780.2018314677649,0.002503428628797166,0.9437086092715232,154255298.35,0.08529310900107548,0.10982910430737707,28.846886559437394,20.00530150595631,47.35922615072826,234.54768785253285,431.2083436297969,219415226.06
2023-01-31,Electric,Dominion Energy,106965.0,8470108.790000001,4706.0,,3296590.93,68.0,,25.0,,0.0,17727.0,6951.0,6061743.9,3570.0,2408364.89,4709.0,5290725.14,2850.0,1973176.46,7318.0,0.0,1.0,42.0,23.0,11.88,10521.0,7559.0,0.7184678262522574,0.3770339992062442,0.3393213572854291,700.508059923502,0.0006357219651287804,0.6323529411764706,7263901.6,0.09835927639882204,0.07066797550600663,30.819342121254618,79.18579712990231,67.90914411256018,805.066893831385,960.9606561714512,15734010.39
2023-01-31,Electric,Duke Energy Carolinas,1849615.0,43227469.0,64649.0,,45225555.0,5161.0,,247.0,,43.0,365530.0,167039.0,39381698.0,2990.0,3845771.0,135260.0,49815542.0,60241.0,30413269.0,84598.0,,77.0,261.0,4876.0,1.46,170029.0,195501.0,1.149809738338754,0.3081365312709398,0.017585235459833322,699.5553682191527,0.0027903104159514277,0.9521410579345089,80228811.0,0.09192669825882684,0.10569821287132727,24.451334466902573,23.37106316719966,43.37595175212139,254.2358597650989,410.37545076495775,123456280.0
2023-01-31,Electric,Duke Energy Progress,1303575.0,32275937.0,43358.0,,33415106.0,3676.0,,161.0,,55.0,225945.0,104465.0,29135016.0,2674.0,3140921.0,79354.0,34365238.0,39452.0,21431766.0,45760.0,,57.0,177.0,2580.0,1.45,107139.0,118806.0,1.1088959202531292,0.3320707708364897,0.0249582318296792,770.6791364915356,0.0028199374796233434,0.95620239390642,55797004.0,0.08218859674357057,0.09113859962027501,25.63343574401166,24.75955506971214,42.80306388201676,301.25292377192244,469.64803124421326,88072941.0
2023-01-31,Electric,Total,3260155.0,83973514.79,112713.0,,81937251.93,8905.0,,433.0,,98.0,609202.0,278455.0,74578457.9,9234.0,9395056.89,219323.0,89471505.14,102543.0,53818211.46,137676.0,0.0,135.0,480.0,7479.0,14.790000000000001,287689.0,321866.0,1.1187984246877705,0.31858910229722925,0.03209716047537445,726.9547605866227,0.0027314652217455917,0.9513756316676025,143289716.6,0.08824396386061399,0.09872720775545948,25.132931388231544,25.757522200631566,43.95181106419787,291.8899046887438,445.1843829419696,227263231.39
2023-02-28,Electric,Dominion Energy,106943.0,7584025.96,4532.0,,3084298.11,175.0,,71.0,,0.0,17586.0,6126.0,5556411.95,2910.0,2027614.01,3788.0,4687310.51,2023.0,1561955.72,7296.0,0.0,4.0,100.0,41.0,2.55,9036.0,5811.0,0.6430942895086321,0.34813285148855616,0.32204515272244355,680.5600419240953,0.0016363857381969835,0.5942857142857143,6249266.2299999995,0.08449360874484539,0.05433735728378669,28.840579654582346,70.91652525176963,58.43548647410302,839.3123019034971,1075.4201049733263,13833292.19
2023-02-28,Electric,Duke Energy Carolinas,1851950.0,52841887.0,62386.0,,43825204.0,6728.0,,326.0,,63.0,374844.0,188276.0,46833235.0,4085.0,6008652.0,124985.0,49299884.0,57498.0,26716211.0,71367.0,,100.0,288.0,5796.0,0.61,192361.0,182483.0,0.9486486345984892,0.31508688480570796,0.02123611334937955,702.4845959029269,0.0036329274548448933,0.9515457788347206,76016095.0,0.10386943491994924,0.09853559761332649,23.664355949134695,28.533106725343558,41.04651583466076,274.7016650984347,416.56535129299715,128857982.0
2023-02-28,Electric,Duke Energy Progress,1305398.0,41011867.0,42067.0,,32954750.0,3791.0,,186.0,,57.0,230449.0,116650.0,35613237.0,4004.0,5398630.0,72200.0,33170890.0,37595.0,18979733.0,38988.0,,60.0,180.0,3122.0,0.72,120654.0,109795.0,0.9099988396572016,0.34241085659638415,0.03318580403467768,783.3872156322058,0.002904095149525279,0.9509364283830124,52150623.0,0.0924269839543189,0.084108448151445,25.244982756216878,31.41713638292689,39.94997924004786,339.9130323072588,474.981766018489,93162490.0
2023-02-28,Electric,Total,3264291.0,101437779.96000001,108985.0,,79864252.11,10694.0,,583.0,,120.0,622879.0,311052.0,88002883.95,10999.0,13434896.01,200973.0,87158084.50999999,97116.0,47257899.72,117651.0,0.0,164.0,568.0,8959.0,3.88,322051.0,298089.0,0.9255956354738846,0.32579531616396445,0.03415297577091827,732.8004047345966,0.0032760559643732743,0.9454834486628015,134415984.23,0.09865878991793317,0.09131814534917383,24.466033239683593,31.07498074160668,41.17769654421128,314.9742741367051,450.9256773312668,235853764.19
2023-03-31,Electric,Dominion Energy,107036.0,7488795.45,4400.0,,2621251.04,11.0,,4.0,,0.0,17526.0,6317.0,5772620.63,2920.0,1716174.82,3411.0,4636201.83,1659.0,1152613.49,6446.0,0.0,1.0,6.0,1.0,8.18,9237.0,5070.0,0.548879506333225,0.3272189349112426,0.3161199523654866,595.7388727272728,0.00010276916177734595,0.6363636363636364,5788815.32,0.08629806793975858,0.04736724092828581,24.489433835345118,69.96520282895474,54.08288164729624,810.7389249756415,1141.7781696252466,13277610.77
2023-03-31,Electric,Duke Energy Carolinas,1855580.0,36675741.0,63001.0,,45344890.0,6243.0,,250.0,,69.0,344153.0,144489.0,31928336.0,2212.0,4747405.0,137220.0,50957751.0,60232.0,28387055.0,55185.0,,102.0,286.0,6783.0,1.19,146701.0,197452.0,1.3459485620411586,0.30504628973117515,0.015078288491557658,719.748734147077,0.0033644466959117905,0.9599551497677399,79344806.0,0.07905937766089309,0.10640985567854795,24.437043943133684,19.765109022515873,42.76011058536953,250.0033469437836,401.84351639892225,116020547.0
2023-03-31,Electric,Duke Energy Progress,1309530.0,29088050.0,42695.0,,34682046.0,3433.0,,164.0,,63.0,215568.0,89386.0,24954150.0,1909.0,4133900.0,83685.0,37254612.0,40588.0,21430696.0,31752.0,,44.0,176.0,3645.0,0.94,91295.0,124273.0,1.361224601566351,0.3266035261078432,0.02091023604797634,812.3210211968615,0.0026215512435759395,0.9522283716865715,58685308.0,0.0697158522523348,0.09489893320504303,26.484346292181165,22.212587722312584,44.81402335188961,318.6160249739854,472.2289475590032,87773358.0
2023-03-31,Electric,Total,3272146.0,73252586.44999999,110096.0,,82648187.03999999,9687.0,,418.0,,132.0,577247.0,240192.0,62655106.629999995,7041.0,10597479.82,224316.0,92848564.83,102479.0,50970364.489999995,93383.0,0.0,147.0,468.0,10429.0,10.309999999999999,247233.0,326795.0,1.321809790764178,0.3135880291926131,0.028479207872735435,750.6920055224531,0.0029604424741438797,0.9568493857747497,143818929.32,0.07555683640033177,0.09987176611312576,25.258098825663645,22.38671087720413,43.95247929646171,296.2896799779964,440.08913636989547,217071515.76999998
2023-04-30,Electric,Dominion Energy,107065.0,9655746.92,5369.0,,5274167.76,0.0,,0.0,,0.0,24355.0,9760.0,5900301.09,4899.0,3755445.83,4751.0,4289776.52,3541.0,2726521.56,716.0,0.0,0.0,0.0,0.0,0.0,14659.0,8292.0,0.5656593219182755,0.4270381090207429,0.3341974213793574,982.3370758055503,0.0,,7016298.08,0.13691682622705834,0.07744827908280016,49.26136234997431,90.18583963013123,65.53306944379582,658.6906965004434,846.1526869271587,16672045.0
2023-04-30,Electric,Duke Energy Carolinas,1857624.0,34666749.0,61791.0,,44549872.0,6015.0,,279.0,,,363947.0,162900.0,31093837.0,1917.0,3572912.0,139233.0,48783413.0,59897.0,28653753.0,61182.0,,123.0,286.0,7867.0,0.7,164817.0,199130.0,1.2081884757033559,0.30079345151408626,0.011631081745208322,720.9767118188734,0.003238007260888102,0.9536159600997506,77437166.0,0.08872462888076381,0.10719607412479598,23.982179386140576,18.661876138551182,41.686135622709436,210.33478949380222,388.87744689398886,112103915.0
2023-04-30,Electric,Duke Energy Progress,1311641.0,27259149.0,42616.0,,34638430.0,3680.0,,177.0,,,227078.0,101592.0,24103815.0,1697.0,3155334.0,82833.0,35367002.0,40956.0,22001497.0,34576.0,,83.0,183.0,4281.0,0.63,103289.0,123789.0,1.1984722477708178,0.3308533068366333,0.01642962948619892,812.8034071710156,0.002805645752153219,0.9519021739130434,57368499.0,0.07874791959080267,0.09437719619926489,26.408468475749082,20.782477064989582,43.73795802357505,263.911442651202,463.4377771853719,84627648.0
2023-04-30,Electric,Total,3276330.0,71581644.92,109776.0,,84462469.76,9695.0,,456.0,,0.0,615380.0,274252.0,61097953.09,8513.0,10483691.83,226817.0,88440191.52,104394.0,53381771.56,96474.0,0.0,206.0,469.0,12148.0,1.33,282765.0,331211.0,1.1713295492723639,0.3151888071350287,0.030106271992644068,769.4074274887043,0.002959103631197102,0.9529654461062403,141821963.07999998,0.08630540879581727,0.10109207558457176,25.77959783049937,21.848118144387165,43.286837125686354,253.14888660194862,428.19218890676933,213403608.0
2023-05-31,Electric,Dominion Energy,107059.0,11108671.120000001,5649.0,,5479317.98,0.0,,0.0,,0.0,27005.0,10484.0,6548256.09,5406.0,4560415.03,6590.0,5065440.96,4869.0,3601613.44,0.0,0.0,0.0,0.0,0.0,0.0,15890.0,11459.0,0.7211453744493392,0.42490618727637663,0.34021397105097545,969.9624676933971,0.0,,8667054.4,0.1484228322700567,0.1070344389542215,51.1803583071017,103.76214162284349,80.9558691936222,699.098245437382,756.3534688890828,19775725.520000003
2023-05-31,Electric,Duke Energy Carolinas,1861497.0,38446668.0,58546.0,,40359574.0,7023.0,,308.0,,,390170.0,201508.0,34849015.0,2127.0,3597653.0,129239.0,43138501.0,57296.0,25218561.0,68020.0,,119.0,381.0,8512.0,0.48,203635.0,186535.0,0.9160262233898888,0.3071595143002654,0.010445159230976993,689.3651829330782,0.003772769980290057,0.9561440979638332,68357062.0,0.10939313896288846,0.10020698394894002,21.681245793036464,20.65362877297143,36.721553674273984,188.80186608392466,366.45702951188787,106803730.0
2023-05-31,Electric,Duke Energy Progress,1314643.0,30850810.0,40115.0,,31312351.0,4031.0,,188.0,,,250799.0,129871.0,27586063.0,1829.0,3264747.0,79923.0,33133667.0,39176.0,20024312.0,39470.0,,66.0,223.0,4795.0,0.84,131700.0,119099.0,0.9043204252088078,0.3289364310363647,0.013887623386484435,780.5646516265735,0.0030662316689778137,0.9533614487720169,53157979.0,0.1001792882174096,0.09059417651788357,23.81813998172888,23.467062921264557,40.43529612221721,234.25064540622628,446.3343856791409,84008789.0
2023-05-31,Electric,Total,3283199.0,80406149.12,104310.0,,77151242.98,11054.0,,496.0,,0.0,667974.0,341863.0,68983334.09,9362.0,11422815.030000001,215752.0,81337608.96000001,101341.0,48844486.44,107490.0,0.0,185.0,604.0,13307.0,1.3199999999999998,351225.0,317093.0,0.902820129546587,0.31959393616383835,0.026655277955726385,739.6341959543669,0.0033668382574434264,0.9551293649357698,130182095.4,0.106976458021582,0.09658049968947968,23.498801924586356,24.490184457293026,39.65099142634973,228.93059753719126,410.548625797479,210588244.52
2023-06-30,Electric,Dominion Energy,107427.0,12369362.79,5641.0,,5469893.21,0.0,,0.0,,0.0,25052.0,11975.0,7664768.19,5415.0,4704594.6,7491.0,5759846.06,5269.0,4273395.82,0.0,0.0,0.0,0.0,0.0,0.0,17390.0,12760.0,0.7337550316273721,0.41293103448275864,0.31138585393904544,969.6672948058855,0.0,,10033241.879999999,0.16187736788703025,0.11877833319370364,50.91730393662673,115.1420293780893,93.39590494009884,711.2917073030477,786.3042225705328,22402604.669999998
2023-06-30,Electric,Duke Energy Carolinas,1864522.0,23969160.0,58891.0,,38201312.0,7363.0,,351.0,,,337904.0,134189.0,20871035.0,1793.0,3098125.0,145861.0,43935333.0,56061.0,22957528.0,66469.0,,150.0,366.0,8715.0,0.38,135982.0,201922.0,1.4849171213837125,0.2776369093016115,0.01318556867820741,648.6782700242821,0.003949001406258547,0.9523292136357463,66892861.0,0.07293129284610211,0.1082969254318265,20.488528427125022,12.85539135499608,35.87668099384185,176.26715300554486,331.2806974970533,90862021.0
2023-06-30,Electric,Duke Energy Progress,1317801.0,18301643.0,40850.0,,30597761.0,4329.0,,219.0,,,212119.0,81172.0,15627690.0,1680.0,2673953.0,90509.0,33603884.0,38758.0,18884088.0,40955.0,,85.0,235.0,4914.0,0.58,82852.0,129267.0,1.5602158064983345,0.2998290360262093,0.02027712064886786,749.0271970624235,0.0032850179958886054,0.9494109494109494,52487972.0,0.0628714047113335,0.09809295940737638,23.218802383667942,13.88801723477217,39.82996825772632,220.89560903780236,406.0430891101364,70789615.0
2023-06-30,Electric,Total,3289750.0,54640165.79,105382.0,,74268966.21,11692.0,,570.0,,0.0,575075.0,227336.0,44163493.19,8888.0,10476672.6,243861.0,83299063.06,100088.0,46115011.82,107424.0,0.0,235.0,601.0,13629.0,0.96,236224.0,343949.0,1.4560290232999187,0.290996630314378,0.037625304795448386,704.7595055132755,0.003554069458165514,0.9512487170715018,129414074.88,0.07180606429059959,0.1045517136560529,22.575869354814195,16.60921522608101,39.338574323276845,231.3065809993904,376.25948870326704,184054240.67
2023-07-31,Electric,Dominion Energy,107635.0,11957205.899999999,6166.0,,5930700.52,0.0,,0.0,,0.0,25037.0,10666.0,7179243.39,5665.0,4777962.51,7829.0,6116032.64,5558.0,4482140.22,0.0,0.0,0.0,0.0,0.0,0.0,16331.0,13387.0,0.8197293490906864,0.41517890490774634,0.34688628987814585,961.8392020759001,0.0,,10598172.86,0.1517257397686626,0.12437404190086868,55.10011167371208,111.0903135597157,98.4640020439448,732.1784275304634,791.6764667214461,22555378.759999998
2023-07-31,Electric,Duke Energy Carolinas,1867729.0,29868362.0,55604.0,,33777697.0,7679.0,,391.0,,,344911.0,156000.0,26877986.0,2169.0,2990376.0,133782.0,38638453.0,52960.0,20136089.0,77887.0,,146.0,394.0,9227.0,0.44,158169.0,186742.0,1.1806485468075287,0.28359983292456975,0.013713180205982209,607.4688331774693,0.004111410167106684,0.9490819117072535,58774542.0,0.08468519790612021,0.0999834558439688,18.08490257419572,15.991807162602283,31.468452864414484,188.83828057331084,314.7365991581969,88642904.0
2023-07-31,Electric,Duke Energy Progress,1320776.0,24591076.0,39539.0,,28413864.0,5249.0,,266.0,,,215795.0,100632.0,21734454.0,2288.0,2856622.0,75800.0,28171555.0,37075.0,16542146.0,43021.0,,127.0,330.0,5427.0,0.85,102920.0,112875.0,1.096725612125923,0.3284606866002215,0.022230858919549165,718.6287968840892,0.003974178816089935,0.949323680701086,44713701.0,0.07792388716936104,0.08546112285504885,21.513007504679067,18.618657516490305,33.85411379370915,238.93389040031093,396.1346710963455,69304777.0
2023-07-31,Electric,Total,3296140.0,66416643.9,101309.0,,68122261.52,12928.0,,657.0,,0.0,585743.0,267298.0,55791683.39,10122.0,10624960.51,217411.0,72926040.64,95593.0,41160375.22,120908.0,0.0,273.0,724.0,14654.0,1.29,277420.0,313004.0,1.1282676086799799,0.30540504274705754,0.03648619421815298,672.42062916424,0.0039221635003367575,0.9491800742574258,114086415.86,0.08416511434587123,0.0949607722972932,20.667284010994678,20.149824916417383,34.61212686961112,239.40827589935836,364.488683403407,180503059.76
2023-08-31,Electric,Dominion Energy,108140.0,11567270.629999999,6526.0,,6078441.79,0.0,,0.0,,0.0,25121.0,9461.0,6942186.34,6104.0,4625084.29,6496.0,5833651.68,5849.0,4142179.47,3481.0,0.0,0.0,0.0,0.0,0.0,15565.0,12345.0,0.7931256023128814,0.4737950587282301,0.39216190170253773,931.4192139135764,0.0,,9975831.15,0.14393378953208805,0.11415757351581284,56.209004901054186,106.96569844645829,92.24922461623821,743.1590510761323,808.0867679222357,21543101.78
2023-08-31,Electric,Duke Energy Carolinas,1871419.0,44899289.0,56527.0,,32269030.0,6665.0,,328.0,,,385228.0,189468.0,39705436.0,4022.0,5193853.0,141137.0,39301094.0,50601.0,17559216.0,63172.0,,143.0,338.0,9039.0,1.47,193490.0,191738.0,0.9909452684893276,0.2639069980911452,0.020786603958860922,570.8604737559043,0.0035614685968241213,0.950787696924231,56860310.0,0.1033921318528881,0.10245594385864416,17.243081319576216,23.992109196283675,30.38352715239078,232.0496614812135,296.5521179943465,101759599.0
2023-08-31,Electric,Duke Energy Progress,1323380.0,37465641.0,40821.0,,27814757.0,3397.0,,164.0,,,246445.0,119625.0,33198847.0,4071.0,4266794.0,87542.0,30526234.0,35207.0,15203832.0,33081.0,,61.0,210.0,5122.0,0.8,123696.0,122749.0,0.9923441340059501,0.28682107389876904,0.032911331005044626,681.3835280860342,0.0025669119980655593,0.9517221077421254,45730066.0,0.09346975169641372,0.09275415980292886,21.01796687270474,28.31056914869501,34.555506354939624,302.88482246798606,372.5493975511002,83195707.0
2023-08-31,Electric,Total,3302939.0,93932200.63,103874.0,,66162228.79,10062.0,,492.0,,0.0,656794.0,318554.0,79846469.34,14197.0,14085731.29,235175.0,75660979.68,91657.0,36905227.47,99734.0,0.0,204.0,548.0,14161.0,2.27,332751.0,326832.0,0.9822119242316326,0.280440715719391,0.04266553669260197,636.9469625700368,0.003046377786571293,0.951103160405486,112566207.15,0.10074391322394995,0.0989518728623205,20.031320224200325,28.438975297454782,34.0806194573984,282.28976210439635,344.4161133242767,206498407.78
2023-09-30,Electric,Dominion Energy,107225.0,9847059.17,2276.0,,1692191.18,0.0,,0.0,,0.0,24948.0,9919.0,9205023.17,1730.0,642036.0,8248.0,8179577.3,1548.0,581378.24,5889.0,0.0,0.0,0.0,0.0,0.0,11649.0,9796.0,0.8409305519787106,0.15802368313597387,0.14851060176839215,743.4934885764499,0.0,,8760955.54,0.10864070878992772,0.09135929121007227,15.781685054791327,91.8354783865703,81.70627689438096,845.313689587089,894.3400918742343,18608014.71
2023-09-30,Electric,Duke Energy Carolinas,1874698.0,41632680.0,57632.0,,31362533.0,5827.0,,300.0,,,372712.0,160487.0,37534844.0,3035.0,4097836.0,157666.0,42550629.0,51524.0,17336357.0,68310.0,,103.0,289.0,9058.0,0.71,163522.0,209190.0,1.279277406098262,0.246302404512644,0.018560193735399518,544.1860945308163,0.003108233966217492,0.9485155311481036,59886986.0,0.0872257824993679,0.11158597278068254,16.72937881194731,22.20767291585098,31.944871120575154,254.5998703538362,286.28034800898706,101519666.0
2023-09-30,Electric,Duke Energy Progress,1325785.0,35011614.0,40733.0,,26787934.0,3461.0,,181.0,,,239023.0,96814.0,30848567.0,2883.0,4163047.0,104094.0,36768109.0,35232.0,14406595.0,37702.0,,82.0,207.0,5139.0,0.79,99697.0,139326.0,1.397494408056411,0.2528745532061496,0.028917620389781035,657.6469692878011,0.0026105288564887974,0.9477029760184917,51174704.0,0.07519846732313308,0.10508943757849123,20.205337969580288,26.408214001516082,38.59954970074333,351.1802160546456,367.3018962720526,86186318.0
2023-09-30,Electric,Total,3307708.0,86491353.17,100641.0,,59842658.18,9288.0,,481.0,,0.0,636683.0,267220.0,77588434.17,7648.0,8902919.0,270008.0,87498315.3,88304.0,32324330.24,111901.0,0.0,185.0,496.0,14197.0,1.5,274868.0,358312.0,1.303578444926292,0.24644443948290876,0.02782426473798332,594.6150990153119,0.0028079866783887815,0.9482127476313523,119822645.53999999,0.0830992336687519,0.10832636980047816,18.091880595264154,26.14842457979967,36.22527911774558,314.66505075163354,334.4086872334725,206313998.70999998
2023-10-31,Electric,Dominion Energy,107494.0,7936928.53,3503.0,,3218196.32,0.0,,0.0,,0.0,27778.0,6319.0,7302752.44,1394.0,634176.09,5445.0,6630074.64,1211.0,561917.62,8555.0,0.0,0.0,0.0,0.0,0.0,7713.0,6656.0,0.862958641255024,0.18194110576923078,0.1807338260080384,918.6972081073366,0.0,,7191992.26,0.07175284201908944,0.061919735054979816,29.938380932889277,73.83601438219807,66.90598786909037,1029.0326111759368,1080.527683293269,15128920.79
2023-10-31,Electric,Duke Energy Carolinas,1879557.0,53018430.0,55614.0,,30081822.0,7521.0,,369.0,,,407321.0,204766.0,48011838.0,2946.0,5006592.0,148534.0,41777603.0,51075.0,17087363.0,88285.0,,157.0,461.0,9486.0,0.67,207712.0,199609.0,0.96098925435218,0.2558752360865492,0.01418309967647512,540.9037652389686,0.004001474815608146,0.9509373753490228,58864966.0,0.11051114704156352,0.10620002479307625,16.00474047874047,28.207939424023852,31.318531973225607,255.24972076721613,294.9013621630287,111883396.0
2023-10-31,Electric,Duke Energy Progress,1329775.0,35965676.0,38273.0,,25241861.0,3937.0,,209.0,,,238979.0,102886.0,31918732.0,2486.0,4046944.0,98621.0,35190746.0,34986.0,14662655.0,55061.0,,73.0,238.0,5312.0,0.74,105372.0,133607.0,1.26795543408116,0.2618575374044773,0.023592605246175454,659.5213597052752,0.0029606512379913895,0.9469138938277877,49853401.0,0.07924047301235171,0.10047338835517287,18.982054106897785,27.04643717922205,37.49010246094264,341.3209960900429,373.1346486336794,85819077.0
2023-10-31,Electric,Total,3316826.0,96921034.53,97390.0,,58541879.32,11458.0,,578.0,,0.0,674078.0,313971.0,87233322.44,6826.0,9687712.09,252600.0,83598423.64,87272.0,32311935.619999997,151901.0,0.0,230.0,699.0,14798.0,1.4100000000000001,320797.0,339872.0,1.0594612792513645,0.2567790226908954,0.021278253849007316,601.1077042817537,0.003454507411603744,0.9495548961424333,115910359.25999999,0.0967180672124495,0.1024690472156212,17.649969977321692,29.221018687745453,34.94616819212102,302.12575095777083,341.0412133391394,212831393.79
2023-11-23,Electric,Dominion Energy,108176.0,6670702.41,3360.0,,2954354.68,0.0,,0.0,,0.0,26130.0,4769.0,6266066.49,927.0,404635.92,4142.0,5742223.0,812.0,358288.68,3553.0,0.0,0.0,0.0,0.0,0.0,5696.0,4954.0,0.8697331460674157,0.16390795316915624,0.16274578651685392,879.2722261904762,0.0,,6100511.68,0.05265493270226298,0.04579574027510723,27.31062971453927,61.66527150199675,56.394317408667355,1171.1205073735955,1231.4315058538555,12771214.09
2023-11-23,Electric,Duke Energy Carolinas,1883694.0,35415558.0,60131.0,,32809828.0,6830.0,,365.0,,18.0,385720.0,164926.0,31346478.0,2021.0,4069080.0,163469.0,44719554.0,55304.0,19927153.0,152204.0,,137.0,315.0,9768.0,0.43,166947.0,218773.0,1.3104338502638562,0.2527917064720052,0.012105638316351896,545.6391545126473,0.00362585430542328,0.9465592972181552,64646707.0,0.08862745222950225,0.1161404134641826,17.417812022547185,18.801120564168066,34.31911287077413,212.1365343492246,295.49673405767624,100062265.0
2023-11-23,Electric,Duke Energy Progress,1333007.0,28737079.0,40971.0,,27502620.0,4982.0,,334.0,,21.0,247713.0,111455.0,25653354.0,1409.0,3083725.0,97244.0,33929537.0,37605.0,16650650.0,77447.0,,103.0,232.0,5618.0,0.8,112864.0,134849.0,1.1947919620073717,0.2788674739894252,0.012484051601927984,671.2704107783554,0.0037374147322557197,0.9329586511441188,50580187.0,0.08466872266987345,0.10116150927939613,20.6320146855943,21.558085591448506,37.944427148544605,254.61687517720443,375.08759427211174,79317266.0
2023-11-23,Electric,Total,3324877.0,70823339.41,104462.0,,63266802.68,11812.0,,699.0,,39.0,659563.0,281150.0,63265898.49,4357.0,7557440.92,264855.0,84391314.0,93721.0,36936091.68,233204.0,0.0,240.0,547.0,15386.0,1.23,285507.0,358576.0,1.2559271751655827,0.2613699745660613,0.015260571544655648,605.6441833393961,0.0035526126229631955,0.9408228919742635,121327405.68,0.08586994345956256,0.10784639552079671,19.028313733109524,21.30104043247314,36.49079520234884,248.06165666691183,338.3589690330641,192150745.09
