timestamp,reporting_period,utility_name,residential_accounts,disconnections,disconnection_rate
1996-07-01,Jul 1996,Duke Energy Progress,,3865.0,
1996-07-01,Jul 1996,Duke Energy Carolinas,,4588.0,
1996-08-01,Aug 1996,Duke Energy Progress,,4038.0,
1996-08-01,Aug 1996,Duke Energy Carolinas,,4332.0,
1996-09-01,Sep 1996,Duke Energy Carolinas,,4144.0,
1996-09-01,Sep 1996,Duke Energy Progress,,504.0,
1996-10-01,Oct 1996,Duke Energy Carolinas,,4826.0,
1996-10-01,Oct 1996,Duke Energy Progress,,4065.0,
1996-11-01,Nov 1996,Duke Energy Carolinas,,4564.0,
1996-11-01,Nov 1996,Duke Energy Progress,,5313.0,
1996-12-01,Dec 1996,Duke Energy Carolinas,,2662.0,
1996-12-01,Dec 1996,Duke Energy Progress,,4556.0,
1997-01-01,Jan 1997,Duke Energy Carolinas,,4508.0,
1997-01-01,Jan 1997,Duke Energy Progress,,4488.0,
1997-02-01,Feb 1997,Duke Energy Progress,,4806.0,
1997-02-01,Feb 1997,Duke Energy Carolinas,,4853.0,
1997-03-01,Mar 1997,Duke Energy Progress,,4737.0,
1997-03-01,Mar 1997,Duke Energy Carolinas,,5973.0,
1997-04-01,Apr 1997,Duke Energy Progress,,5592.0,
1997-04-01,Apr 1997,Duke Energy Carolinas,,7304.0,
1997-05-01,May 1997,Duke Energy Progress,,4648.0,
1997-05-01,May 1997,Duke Energy Carolinas,,6353.0,
1997-06-01,Jun 1997,Duke Energy Progress,,4620.0,
1997-06-01,Jun 1997,Duke Energy Carolinas,,5491.0,
1997-07-01,Jul 1997,Duke Energy Carolinas,,5490.0,
1997-07-01,Jul 1997,Duke Energy Progress,,4463.0,
1997-08-01,Aug 1997,Duke Energy Carolinas,,5139.0,
1997-08-01,Aug 1997,Duke Energy Progress,,4353.0,
1997-09-01,Sep 1997,Duke Energy Progress,,5242.0,
1997-09-01,Sep 1997,Duke Energy Carolinas,,5898.0,
1997-10-01,Oct 1997,Duke Energy Progress,,6548.0,
1997-10-01,Oct 1997,Duke Energy Carolinas,,6801.0,
1997-11-01,Nov 1997,Duke Energy Progress,,5436.0,
1997-11-01,Nov 1997,Duke Energy Carolinas,,6274.0,
1997-12-01,Dec 1997,Duke Energy Carolinas,,4762.0,
1997-12-01,Dec 1997,Duke Energy Progress,,3622.0,
1998-01-01,Jan 1998,Duke Energy Carolinas,,5408.0,
1998-01-01,Jan 1998,Duke Energy Progress,,5623.0,
1998-02-01,Feb 1998,Duke Energy Progress,,5559.0,
1998-02-01,Feb 1998,Duke Energy Carolinas,,6304.0,
1998-03-01,Mar 1998,Duke Energy Carolinas,,7685.0,
1998-03-01,Mar 1998,Duke Energy Progress,,5664.0,
1998-04-01,Apr 1998,Duke Energy Carolinas,,7356.0,
1998-04-01,Apr 1998,Duke Energy Progress,,6516.0,
1998-05-01,May 1998,Duke Energy Progress,,8405.0,
1998-05-01,May 1998,Duke Energy Carolinas,,6116.0,
1998-06-01,Jun 1998,Duke Energy Carolinas,,4906.0,
1998-06-01,Jun 1998,Duke Energy Progress,,5961.0,
1998-07-01,Jul 1998,Duke Energy Progress,,4558.0,
1998-07-01,Jul 1998,Duke Energy Carolinas,,4656.0,
1998-08-01,Aug 1998,Duke Energy Progress,,3845.0,
1998-08-01,Aug 1998,Duke Energy Carolinas,,5411.0,
1998-09-01,Sep 1998,Duke Energy Progress,,8091.0,
1998-09-01,Sep 1998,Duke Energy Carolinas,,5702.0,
1998-10-01,Oct 1998,Duke Energy Carolinas,,5842.0,
1998-10-01,Oct 1998,Duke Energy Progress,,7134.0,
1998-11-01,Nov 1998,Duke Energy Carolinas,,,
1998-11-01,Nov 1998,Duke Energy Progress,,6094.0,
1998-12-01,Dec 1998,Duke Energy Carolinas,,,
1998-12-01,Dec 1998,Duke Energy Progress,,5319.0,
1999-01-01,Jan 1999,Duke Energy Progress,,4825.0,
1999-01-01,Jan 1999,Duke Energy Carolinas,,4504.0,
1999-02-01,Feb 1999,Duke Energy Progress,,4882.0,
1999-02-01,Feb 1999,Duke Energy Carolinas,,,
1999-03-01,Mar 1999,Duke Energy Carolinas,,,
1999-03-01,Mar 1999,Duke Energy Progress,,5579.0,
1999-04-01,Apr 1999,Duke Energy Progress,,6730.0,
1999-04-01,Apr 1999,Duke Energy Carolinas,,,
1999-05-01,May 1999,Duke Energy Progress,,5963.0,
1999-05-01,May 1999,Duke Energy Carolinas,,6483.0,
1999-06-01,Jun 1999,Duke Energy Progress,,6241.0,
1999-06-01,Jun 1999,Duke Energy Carolinas,,6743.0,
1999-07-01,Jul 1999,Duke Energy Carolinas,,4469.0,
1999-07-01,Jul 1999,Duke Energy Progress,,3454.0,
1999-08-01,Aug 1999,Duke Energy Progress,,594.0,
1999-08-01,Aug 1999,Duke Energy Carolinas,,7045.0,
1999-09-01,Sep 1999,Duke Energy Progress,,,
1999-09-01,Sep 1999,Duke Energy Carolinas,,5167.0,
1999-10-01,Oct 1999,Duke Energy Progress,,6846.0,
1999-10-01,Oct 1999,Duke Energy Carolinas,,,
1999-11-01,Nov 1999,Duke Energy Progress,,7610.0,
1999-11-01,Nov 1999,Duke Energy Carolinas,,6329.0,
1999-12-01,Dec 1999,Duke Energy Progress,,6832.0,
1999-12-01,Dec 1999,Duke Energy Carolinas,,5516.0,
2000-01-01,Jan 2000,Dominion Energy,,,
2000-01-01,Jan 2000,Duke Energy Progress,,3714.0,
2000-01-01,Jan 2000,Duke Energy Carolinas,,3221.0,
2000-02-01,Feb 2000,Duke Energy Carolinas,,13275.0,
2000-02-01,Feb 2000,Duke Energy Progress,,3472.0,
2000-02-01,Feb 2000,Dominion Energy,,,
2000-03-01,Mar 2000,Dominion Energy,,,
2000-03-01,Mar 2000,Duke Energy Progress,,985.0,
2000-03-01,Mar 2000,Duke Energy Carolinas,,7426.0,
2000-04-01,Apr 2000,Dominion Energy,,,
2000-04-01,Apr 2000,Duke Energy Carolinas,,13856.0,
2000-04-01,Apr 2000,Duke Energy Progress,,6466.0,
2000-05-01,May 2000,Duke Energy Progress,,6652.0,
2000-05-01,May 2000,Duke Energy Carolinas,,14453.0,
2000-05-01,May 2000,Dominion Energy,,,
2000-06-01,Jun 2000,Dominion Energy,,,
2000-06-01,Jun 2000,Duke Energy Progress,,5486.0,
2000-06-01,Jun 2000,Duke Energy Carolinas,,7952.0,
2000-07-01,Jul 2000,Duke Energy Carolinas,,7380.0,
2000-07-01,Jul 2000,Duke Energy Progress,,5899.0,
2000-07-01,Jul 2000,Dominion Energy,,,
2000-08-01,Aug 2000,Duke Energy Progress,,6360.0,
2000-08-01,Aug 2000,Dominion Energy,,,
2000-08-01,Aug 2000,Duke Energy Carolinas,,12038.0,
2000-09-01,Sep 2000,Duke Energy Progress,,,
2000-09-01,Sep 2000,Dominion Energy,92034.0,267.0,0.0029011017667383795
2000-09-01,Sep 2000,Duke Energy Carolinas,,12722.0,
2000-10-01,Oct 2000,Duke Energy Progress,,7459.0,
2000-10-01,Oct 2000,Duke Energy Carolinas,,15999.0,
2000-10-01,Oct 2000,Dominion Energy,92015.0,315.0,0.003423354887790034
2000-11-01,Nov 2000,Duke Energy Progress,,,
2000-11-01,Nov 2000,Duke Energy Carolinas,,9946.0,
2000-11-01,Nov 2000,Dominion Energy,92102.0,203.0,0.0022040780873379515
2000-12-01,Dec 2000,Duke Energy Progress,,5380.0,
2000-12-01,Dec 2000,Duke Energy Carolinas,,7556.0,
2000-12-01,Dec 2000,Dominion Energy,,,
2001-01-01,Jan 2001,Duke Energy Carolinas,,140.0,
2001-01-01,Jan 2001,Dominion Energy,92474.0,27.0,0.000291973960248286
2001-01-01,Jan 2001,Duke Energy Progress,,5634.0,
2001-02-01,Feb 2001,Duke Energy Carolinas,,18.0,
2001-02-01,Feb 2001,Dominion Energy,92597.0,25.0,0.0002699871486117261
2001-02-01,Feb 2001,Duke Energy Progress,,,
2001-03-01,Mar 2001,Duke Energy Carolinas,,16443.0,
2001-03-01,Mar 2001,Duke Energy Progress,,6330.0,
2001-03-01,Mar 2001,Dominion Energy,92680.0,148.0,0.0015968925334484247
2001-04-01,Apr 2001,Duke Energy Carolinas,,15357.0,
2001-04-01,Apr 2001,Duke Energy Progress,,1790.0,
2001-04-01,Apr 2001,Dominion Energy,92673.0,673.0,0.007262093597919567
2001-05-01,May 2001,Duke Energy Progress,,2834.0,
2001-05-01,May 2001,Duke Energy Carolinas,,14496.0,
2001-05-01,May 2001,Dominion Energy,92744.0,573.0,0.006178297248339515
2001-06-01,Jun 2001,Dominion Energy,92986.0,344.0,0.0036994816423977805
2001-06-01,Jun 2001,Duke Energy Progress,,1843.0,
2001-06-01,Jun 2001,Duke Energy Carolinas,,7905.0,
2001-07-01,Jul 2001,Dominion Energy,93157.0,448.0,0.004809085736981655
2001-07-01,Jul 2001,Duke Energy Progress,,,
2001-07-01,Jul 2001,Duke Energy Carolinas,,7297.0,
2001-08-01,Aug 2001,Dominion Energy,93204.0,446.0,0.0047852023518303935
2001-08-01,Aug 2001,Duke Energy Carolinas,,,
2001-08-01,Aug 2001,Duke Energy Progress,,602.0,
2001-09-01,Sep 2001,Dominion Energy,93323.0,415.0,0.004446920909100651
2001-09-01,Sep 2001,Duke Energy Carolinas,,8932.0,
2001-09-01,Sep 2001,Duke Energy Progress,,426.0,
2001-10-01,Oct 2001,Dominion Energy,93367.0,501.0,0.005365921578287832
2001-10-01,Oct 2001,Duke Energy Carolinas,,16084.0,
2001-10-01,Oct 2001,Duke Energy Progress,,384.0,
2001-11-01,Nov 2001,Duke Energy Progress,,245.0,
2001-11-01,Nov 2001,Dominion Energy,93465.0,393.0,0.004204782538918312
2001-11-01,Nov 2001,Duke Energy Carolinas,,12298.0,
2001-12-01,Dec 2001,Dominion Energy,93729.0,134.0,0.0014296535757342978
2001-12-01,Dec 2001,Duke Energy Carolinas,,7968.0,
2001-12-01,Dec 2001,Duke Energy Progress,,287.0,
2002-01-01,Jan 2002,Dominion Energy,93817.0,76.0,0.0008100877239732671
2002-01-01,Jan 2002,Duke Energy Progress,,,
2002-01-01,Jan 2002,Duke Energy Carolinas,,10791.0,
2002-02-01,Feb 2002,Duke Energy Carolinas,,9773.0,
2002-02-01,Feb 2002,Duke Energy Progress,,588.0,
2002-02-01,Feb 2002,Dominion Energy,94125.0,20.0,0.00021248339973439575
2002-03-01,Mar 2002,Duke Energy Progress,,816.0,
2002-03-01,Mar 2002,Dominion Energy,,,
2002-03-01,Mar 2002,Duke Energy Carolinas,,17712.0,
2002-04-01,Apr 2002,Duke Energy Progress,,6567.0,
2002-04-01,Apr 2002,Duke Energy Carolinas,,17652.0,
2002-04-01,Apr 2002,Dominion Energy,94294.0,503.0,0.005334379706025834
2002-05-01,May 2002,Duke Energy Carolinas,,13825.0,
2002-05-01,May 2002,Duke Energy Progress,,5952.0,
2002-05-01,May 2002,Dominion Energy,94372.0,461.0,0.004884923494256771
2002-06-01,Jun 2002,Dominion Energy,94521.0,363.0,0.0038404164153997525
2002-06-01,Jun 2002,Duke Energy Progress,,4872.0,
2002-06-01,Jun 2002,Duke Energy Carolinas,,14411.0,
2002-07-01,Jul 2002,Duke Energy Carolinas,,10987.0,
2002-07-01,Jul 2002,Dominion Energy,,,
2002-07-01,Jul 2002,Duke Energy Progress,,4002.0,
2002-08-01,Aug 2002,Duke Energy Progress,,7250.0,
2002-08-01,Aug 2002,Duke Energy Carolinas,,14947.0,
2002-08-01,Aug 2002,Dominion Energy,,,
2002-09-01,Sep 2002,Dominion Energy,,,
2002-09-01,Sep 2002,Duke Energy Progress,,337.0,
2002-09-01,Sep 2002,Duke Energy Carolinas,,17830.0,
2002-10-01,Oct 2002,Duke Energy Carolinas,,23107.0,
2002-10-01,Oct 2002,Duke Energy Progress,,321.0,
2002-10-01,Oct 2002,Dominion Energy,,,
2002-11-01,Nov 2002,Duke Energy Progress,,240.0,
2002-11-01,Nov 2002,Dominion Energy,,,
2002-11-01,Nov 2002,Duke Energy Carolinas,,14868.0,
2002-12-01,Dec 2002,Duke Energy Progress,,239.0,
2002-12-01,Dec 2002,Duke Energy Carolinas,,2005.0,
2002-12-01,Dec 2002,Dominion Energy,95214.0,78.0,0.0008192072594366375
2003-01-01,Jan 2003,Dominion Energy,95383.99999999999,49.0,0.0005137129916967207
2003-01-01,Jan 2003,Duke Energy Carolinas,,15761.0,
2003-01-01,Jan 2003,Duke Energy Progress,,674.0,
2003-02-01,Feb 2003,Duke Energy Carolinas,,12646.0,
2003-02-01,Feb 2003,Duke Energy Progress,,606.0,
2003-02-01,Feb 2003,Dominion Energy,95531.0,90.0,0.0009421025635657535
2003-03-01,Mar 2003,Dominion Energy,95589.0,207.0,0.0021655211373693625
2003-03-01,Mar 2003,Duke Energy Progress,,3.0,
2003-03-01,Mar 2003,Duke Energy Carolinas,,11864.0,
2003-04-01,Apr 2003,Duke Energy Carolinas,,11690.0,
2003-04-01,Apr 2003,Duke Energy Progress,,,
2003-04-01,Apr 2003,Dominion Energy,95666.0,297.0,0.0031045512512282315
2003-05-01,May 2003,Duke Energy Progress,,1873.0,
2003-05-01,May 2003,Duke Energy Carolinas,,12844.0,
2003-05-01,May 2003,Dominion Energy,95785.0,311.0,0.0032468549355327034
2003-06-01,Jun 2003,Duke Energy Progress,,1331.0,
2003-06-01,Jun 2003,Duke Energy Carolinas,,10324.0,
2003-06-01,Jun 2003,Dominion Energy,95876.0,318.0,0.0033167841795652716
2003-07-01,Jul 2003,Duke Energy Carolinas,,9431.0,
2003-07-01,Jul 2003,Dominion Energy,96024.0,338.0,0.003519953344997084
2003-07-01,Jul 2003,Duke Energy Progress,,864.0,
2003-08-01,Aug 2003,Duke Energy Progress,,370.0,
2003-08-01,Aug 2003,Dominion Energy,96140.0,245.0,0.0025483669648429376
2003-08-01,Aug 2003,Duke Energy Carolinas,,10911.0,
2003-09-01,Sep 2003,Duke Energy Progress,,411.0,
2003-09-01,Sep 2003,Dominion Energy,96206.0,82.0,0.0008523376920358398
2003-09-01,Sep 2003,Duke Energy Carolinas,,,
2003-10-01,Oct 2003,Duke Energy Progress,,,
2003-10-01,Oct 2003,Duke Energy Carolinas,,9360.0,
2003-10-01,Oct 2003,Dominion Energy,96084.0,30.0,0.0003122268015486449
2003-11-01,Nov 2003,Duke Energy Progress,,6334.0,
2003-11-01,Nov 2003,Duke Energy Carolinas,,7724.0,
2003-11-01,Nov 2003,Dominion Energy,96137.0,152.0,0.001581077004691222
2003-12-01,Dec 2003,Duke Energy Carolinas,,6328.0,
2003-12-01,Dec 2003,Duke Energy Progress,,5636.0,
2003-12-01,Dec 2003,Dominion Energy,96182.0,202.0,0.00210018506581273
2004-01-01,Jan 2004,Duke Energy Carolinas,,3857.0,
2004-01-01,Jan 2004,Dominion Energy,96345.0,29.0,0.0003010016088017022
2004-01-01,Jan 2004,Duke Energy Progress,,4566.0,
2004-02-01,Feb 2004,Duke Energy Carolinas,,7755.0,
2004-02-01,Feb 2004,Dominion Energy,96495.0,135.0,0.001399036219493238
2004-02-01,Feb 2004,Duke Energy Progress,,5640.0,
2004-03-01,Mar 2004,Dominion Energy,96467.99999999999,468.0,0.00485134967035701
2004-03-01,Mar 2004,Duke Energy Carolinas,,8832.0,
2004-03-01,Mar 2004,Duke Energy Progress,,7743.0,
2004-04-01,Apr 2004,Dominion Energy,96468.0,350.0,0.00362814612099349
2004-04-01,Apr 2004,Duke Energy Progress,,6794.0,
2004-04-01,Apr 2004,Duke Energy Carolinas,,7641.0,
2004-05-01,May 2004,Duke Energy Progress,,7278.0,
2004-05-01,May 2004,Duke Energy Carolinas,,8863.0,
2004-05-01,May 2004,Dominion Energy,96603.0,267.0,0.0027638893202074468
2004-06-01,Jun 2004,Duke Energy Progress,,7392.0,
2004-06-01,Jun 2004,Duke Energy Carolinas,,8792.0,
2004-06-01,Jun 2004,Dominion Energy,96899.0,220.0,0.0022704052673402204
2004-07-01,Jul 2004,Duke Energy Carolinas,,7093.0,
2004-07-01,Jul 2004,Dominion Energy,97103.0,117.0,0.0012049061306035858
2004-07-01,Jul 2004,Duke Energy Progress,,5909.0,
2004-08-01,Aug 2004,Duke Energy Carolinas,,8052.0,
2004-08-01,Aug 2004,Dominion Energy,97322.0,122.0,0.0012535706212367193
2004-08-01,Aug 2004,Duke Energy Progress,,7857.0,
2004-09-01,Sep 2004,Duke Energy Carolinas,,9669.0,
2004-09-01,Sep 2004,Dominion Energy,97217.0,430.0,0.004423094726231009
2004-09-01,Sep 2004,Duke Energy Progress,,589.0,
2004-10-01,Oct 2004,Dominion Energy,97200.0,274.0,0.0028189300411522633
2004-10-01,Oct 2004,Duke Energy Progress,,7771.0,
2004-10-01,Oct 2004,Duke Energy Carolinas,,9785.0,
2004-11-01,Nov 2004,Duke Energy Carolinas,,8248.0,
2004-11-01,Nov 2004,Duke Energy Progress,,7136.0,
2004-11-01,Nov 2004,Dominion Energy,97290.0,163.0,0.0016754034330352554
2004-12-01,Dec 2004,Duke Energy Carolinas,,4328.0,
2004-12-01,Dec 2004,Duke Energy Progress,,5948.0,
2004-12-01,Dec 2004,Dominion Energy,,,
2005-01-01,Jan 2005,Duke Energy Carolinas,,0.0,
2005-01-01,Jan 2005,Duke Energy Progress,,5911.0,
2005-01-01,Jan 2005,Dominion Energy,97646.0,144.0,0.0014747147860639453
2005-02-01,Feb 2005,Dominion Energy,97743.0,237.0,0.0024247260673398606
2005-02-01,Feb 2005,Duke Energy Carolinas,,4092.0,
2005-02-01,Feb 2005,Duke Energy Progress,,6118.0,
2005-03-01,Mar 2005,Duke Energy Carolinas,,8089.0,
2005-03-01,Mar 2005,Duke Energy Progress,,6422.0,
2005-03-01,Mar 2005,Dominion Energy,97825.0,170.0,0.001737797086634296
2005-04-01,Apr 2005,Duke Energy Carolinas,,9583.0,
2005-04-01,Apr 2005,Duke Energy Progress,,6595.0,
2005-04-01,Apr 2005,Dominion Energy,97897.0,264.0,0.0026967118502099147
2005-05-01,May 2005,Duke Energy Carolinas,,10095.0,
2005-05-01,May 2005,Duke Energy Progress,,7133.0,
2005-05-01,May 2005,Dominion Energy,98029.0,263.0,0.0026828795560497405
2005-06-01,Jun 2005,Dominion Energy,98135.0,180.0,0.0018342079788047079
2005-06-01,Jun 2005,Duke Energy Progress,,7344.0,
2005-06-01,Jun 2005,Duke Energy Carolinas,,9113.0,
2005-07-01,Jul 2005,Dominion Energy,98293.0,132.0,0.001342923707690273
2005-07-01,Jul 2005,Duke Energy Progress,,3361.0,
2005-07-01,Jul 2005,Duke Energy Carolinas,,6196.0,
2005-08-01,Aug 2005,Duke Energy Carolinas,,8809.0,
2005-08-01,Aug 2005,Dominion Energy,98435.0,226.0,0.002295931325240006
2005-08-01,Aug 2005,Duke Energy Progress,,6965.0,
2005-09-01,Sep 2005,Dominion Energy,98555.0,106.0,0.0010755415757698747
2005-09-01,Sep 2005,Duke Energy Progress,,7145.0,
2005-09-01,Sep 2005,Duke Energy Carolinas,,7999.0,
2005-10-01,Oct 2005,Dominion Energy,98617.0,128.0,0.0012979506575945324
2005-10-01,Oct 2005,Duke Energy Progress,,7561.0,
2005-10-01,Oct 2005,Duke Energy Carolinas,,10629.0,
2005-11-01,Nov 2005,Duke Energy Carolinas,,10093.0,
2005-11-01,Nov 2005,Duke Energy Progress,,,
2005-11-01,Nov 2005,Dominion Energy,98743.0,126.0,0.0012760398205442411
2005-12-01,Dec 2005,Duke Energy Carolinas,,3836.0,
2005-12-01,Dec 2005,Duke Energy Progress,,6202.0,
2005-12-01,Dec 2005,Dominion Energy,98905.0,24.0,0.0002426570951923563
2006-01-01,Jan 2006,Duke Energy Carolinas,,10421.0,
2006-01-01,Jan 2006,Dominion Energy,99044.00000000001,98.0,0.0009894592302411049
2006-01-01,Jan 2006,Duke Energy Progress,,6162.0,
2006-02-01,Feb 2006,Duke Energy Carolinas,,8824.0,
2006-02-01,Feb 2006,Dominion Energy,99135.0,251.0,0.0025319009431583194
2006-02-01,Feb 2006,Duke Energy Progress,,6622.0,
2006-03-01,Mar 2006,Duke Energy Progress,,8283.0,
2006-03-01,Mar 2006,Duke Energy Carolinas,,10827.0,
2006-03-01,Mar 2006,Dominion Energy,99114.0,250.0,0.0025223480033093205
2006-04-01,Apr 2006,Dominion Energy,99154.0,317.0,0.003197047017770337
2006-04-01,Apr 2006,Duke Energy Progress,,7283.0,
2006-04-01,Apr 2006,Duke Energy Carolinas,,9156.0,
2006-05-01,May 2006,Duke Energy Carolinas,,11905.0,
2006-05-01,May 2006,Dominion Energy,99174.0,502.0,0.005061810555185835
2006-05-01,May 2006,Duke Energy Progress,,8919.0,
2006-06-01,Jun 2006,Duke Energy Progress,,7490.0,
2006-06-01,Jun 2006,Duke Energy Carolinas,,10158.0,
2006-06-01,Jun 2006,Dominion Energy,99216.0,448.0,0.004515400741815836
2006-07-01,Jul 2006,Duke Energy Progress,,6441.0,
2006-07-01,Jul 2006,Dominion Energy,99392.0,149.0,0.001499114616870573
2006-07-01,Jul 2006,Duke Energy Carolinas,,7867.0,
2006-08-01,Aug 2006,Duke Energy Carolinas,,9078.0,
2006-08-01,Aug 2006,Dominion Energy,99451.0,468.0,0.004705835034338518
2006-08-01,Aug 2006,Duke Energy Progress,,7747.0,
2006-09-01,Sep 2006,Duke Energy Progress,,8884.0,
2006-09-01,Sep 2006,Dominion Energy,99458.0,463.0,0.004655231353938346
2006-09-01,Sep 2006,Duke Energy Carolinas,,9063.0,
2006-10-01,Oct 2006,Duke Energy Progress,,10498.0,
2006-10-01,Oct 2006,Dominion Energy,99370.0,696.0,0.007004125993760693
2006-10-01,Oct 2006,Duke Energy Carolinas,,12327.0,
2006-11-01,Nov 2006,Dominion Energy,99471.0,414.0,0.004162017070301897
2006-11-01,Nov 2006,Duke Energy Progress,,10361.0,
2006-11-01,Nov 2006,Duke Energy Carolinas,,11553.0,
2006-12-01,Dec 2006,Dominion Energy,99570.0,168.0,0.001687255197348599
2006-12-01,Dec 2006,Duke Energy Carolinas,,9070.0,
2006-12-01,Dec 2006,Duke Energy Progress,,8256.0,
2007-01-01,Jan 2007,Duke Energy Carolinas,,8524.0,
2007-01-01,Jan 2007,Dominion Energy,99668.0,233.0,0.0023377613677408996
2007-01-01,Jan 2007,Duke Energy Progress,,8770.0,
2007-02-01,Feb 2007,Duke Energy Carolinas,,8626.0,
2007-02-01,Feb 2007,Dominion Energy,99711.00000000001,390.0,0.003911303667599362
2007-02-01,Feb 2007,Duke Energy Progress,,7687.0,
2007-03-01,Mar 2007,Duke Energy Carolinas,,11874.0,
2007-03-01,Mar 2007,Duke Energy Progress,,10607.0,
2007-03-01,Mar 2007,Dominion Energy,99538.0,552.0,0.005545620767947919
2007-04-01,Apr 2007,Duke Energy Carolinas,,9148.0,
2007-04-01,Apr 2007,Duke Energy Progress,,9632.0,
2007-04-01,Apr 2007,Dominion Energy,99503.0,580.0,0.005828969980804599
2007-05-01,May 2007,Duke Energy Carolinas,,13649.0,
2007-05-01,May 2007,Dominion Energy,99574.0,508.0,0.005101733384216763
2007-05-01,May 2007,Duke Energy Progress,,10607.0,
2007-06-01,Jun 2007,Dominion Energy,99704.0,369.0,0.003700954826285806
2007-06-01,Jun 2007,Duke Energy Progress,,8261.0,
2007-06-01,Jun 2007,Duke Energy Carolinas,,10278.0,
2007-07-01,Jul 2007,Dominion Energy,99907.0,310.0,0.0031028856836858277
2007-07-01,Jul 2007,Duke Energy Progress,,8100.0,
2007-07-01,Jul 2007,Duke Energy Carolinas,,9962.0,
2007-08-01,Aug 2007,Duke Energy Progress,,7998.0,
2007-08-01,Aug 2007,Duke Energy Carolinas,,10158.0,
2007-08-01,Aug 2007,Dominion Energy,100089.0,362.0,0.0036167810648522814
2007-09-01,Sep 2007,Dominion Energy,100140.0,334.0,0.003335330537247853
2007-09-01,Sep 2007,Duke Energy Progress,,9633.0,
2007-09-01,Sep 2007,Duke Energy Carolinas,,10667.0,
2007-10-01,Oct 2007,Dominion Energy,100130.0,448.0,0.004474183561370219
2007-10-01,Oct 2007,Duke Energy Carolinas,,14393.0,
2007-10-01,Oct 2007,Duke Energy Progress,,11144.0,
2007-11-01,Nov 2007,Duke Energy Progress,,10189.0,
2007-11-01,Nov 2007,Duke Energy Carolinas,,12584.0,
2007-11-01,Nov 2007,Dominion Energy,100205.0,302.0,0.0030138216655855496
2007-12-01,Dec 2007,Duke Energy Progress,,7196.0,
2007-12-01,Dec 2007,Dominion Energy,100239.0,290.0,0.0028930855255938307
2007-12-01,Dec 2007,Duke Energy Carolinas,,9983.0,
2008-01-01,Jan 2008,Duke Energy Progress,,7814.0,
2008-01-01,Jan 2008,Dominion Energy,100358.0,219.0,0.002182187767791307
2008-01-01,Jan 2008,Duke Energy Carolinas,,10593.0,
2008-02-01,Feb 2008,Duke Energy Progress,,7474.0,
2008-02-01,Feb 2008,Dominion Energy,100388.00000000001,410.0,0.0040841534844802165
2008-02-01,Feb 2008,Duke Energy Carolinas,,9343.0,
2008-03-01,Mar 2008,Dominion Energy,100330.0,502.0,0.005003488487989634
2008-03-01,Mar 2008,Duke Energy Progress,,7843.0,
2008-03-01,Mar 2008,Duke Energy Carolinas,,10972.0,
2008-04-01,Apr 2008,Dominion Energy,100351.0,415.0,0.004135484449581967
2008-04-01,Apr 2008,Duke Energy Progress,,10137.0,
2008-04-01,Apr 2008,Duke Energy Carolinas,,12591.0,
2008-05-01,May 2008,Duke Energy Carolinas,,11913.0,
2008-05-01,May 2008,Dominion Energy,100302.0,520.0,0.005184343283284481
2008-05-01,May 2008,Duke Energy Progress,,8769.0,
2008-06-01,Jun 2008,Duke Energy Progress,,7561.0,
2008-06-01,Jun 2008,Duke Energy Carolinas,,11118.0,
2008-06-01,Jun 2008,Dominion Energy,100379.0,598.0,0.005957421372996344
2008-07-01,Jul 2008,Dominion Energy,100504.0,313.0,0.003114303908302157
2008-07-01,Jul 2008,Duke Energy Progress,,7029.0,
2008-07-01,Jul 2008,Duke Energy Carolinas,,10715.0,
2008-08-01,Aug 2008,Duke Energy Progress,,7491.0,
2008-08-01,Aug 2008,Duke Energy Carolinas,,10003.0,
2008-08-01,Aug 2008,Dominion Energy,100648.0,283.0,0.002811779667752961
2008-09-01,Sep 2008,Dominion Energy,100687.0,231.0,0.002294238580948881
2008-09-01,Sep 2008,Duke Energy Progress,,7920.0,
2008-09-01,Sep 2008,Duke Energy Carolinas,,12892.0,
2008-10-01,Oct 2008,Duke Energy Progress,,9579.0,
2008-10-01,Oct 2008,Dominion Energy,100705.0,342.0,0.003396057792562435
2008-10-01,Oct 2008,Duke Energy Carolinas,,14290.0,
2008-11-01,Nov 2008,Duke Energy Progress,,8410.0,
2008-11-01,Nov 2008,Dominion Energy,100685.0,174.0,0.0017281620896856533
2008-11-01,Nov 2008,Duke Energy Carolinas,,10635.0,
2008-12-01,Dec 2008,Duke Energy Progress,,,
2008-12-01,Dec 2008,Dominion Energy,100629.0,357.0,0.0035476850609665205
2008-12-01,Dec 2008,Duke Energy Carolinas,,11121.0,
2009-01-01,Jan 2009,Duke Energy Carolinas,,7665.0,
2009-01-01,Jan 2009,Duke Energy Progress,,6230.0,
2009-01-01,Jan 2009,Dominion Energy,100738.0,170.0,0.0016875459111755247
2009-02-01,Feb 2009,Duke Energy Carolinas,,10292.0,
2009-02-01,Feb 2009,Duke Energy Progress,,6591.0,
2009-02-01,Feb 2009,Dominion Energy,100829.0,233.0,0.0023108431106130182
2009-03-01,Mar 2009,Duke Energy Progress,,7398.0,
2009-03-01,Mar 2009,Dominion Energy,100859.0,244.0,0.002419218909566821
2009-03-01,Mar 2009,Duke Energy Carolinas,,13890.0,
2009-04-01,Apr 2009,Duke Energy Progress,,7766.0,
2009-04-01,Apr 2009,Dominion Energy,100824.0,343.0,0.003401967785447909
2009-04-01,Apr 2009,Duke Energy Carolinas,,13785.0,
2009-05-01,May 2009,Duke Energy Progress,,7106.0,
2009-05-01,May 2009,Dominion Energy,100732.0,371.0,0.003683040146130326
2009-05-01,May 2009,Duke Energy Carolinas,,13210.0,
2009-06-01,Jun 2009,Duke Energy Progress,,7023.0,
2009-06-01,Jun 2009,Dominion Energy,100775.0,458.0,0.004544777970726867
2009-06-01,Jun 2009,Duke Energy Carolinas,,13828.0,
2009-07-01,Jul 2009,Duke Energy Carolinas,,10441.0,
2009-07-01,Jul 2009,Dominion Energy,100750.0,516.0,0.005121588089330025
2009-07-01,Jul 2009,Duke Energy Progress,,5788.0,
2009-08-01,Aug 2009,Dominion Energy,100760.0,474.0,0.004704247717348154
2009-08-01,Aug 2009,Duke Energy Progress,,6183.0,
2009-08-01,Aug 2009,Duke Energy Carolinas,,11271.0,
2009-09-01,Sep 2009,Dominion Energy,100727.0,567.0,0.005629076613023321
2009-09-01,Sep 2009,Duke Energy Progress,,7860.0,
2009-09-01,Sep 2009,Duke Energy Carolinas,,14291.0,
2009-10-01,Oct 2009,Duke Energy Progress,,7933.0,
2009-10-01,Oct 2009,Duke Energy Carolinas,,13374.0,
2009-10-01,Oct 2009,Dominion Energy,100677.0,551.0,0.005472948141084856
2009-11-01,Nov 2009,Duke Energy Carolinas,,12069.0,
2009-11-01,Nov 2009,Duke Energy Progress,,6724.0,
2009-11-01,Nov 2009,Dominion Energy,100673.99999999999,437.0,0.004340743389554404
2009-12-01,Dec 2009,Dominion Energy,100792.0,266.0,0.0026390983411381857
2009-12-01,Dec 2009,Duke Energy Carolinas,,10688.0,
2009-12-01,Dec 2009,Duke Energy Progress,,7093.0,
2010-01-01,Jan 2010,Duke Energy Progress,1077333.3333333333,6464.0,0.006
2010-01-01,Jan 2010,Dominion Energy,100812.0,208.0,0.002063246438916002
2010-01-01,Jan 2010,Duke Energy Carolinas,1594814.8148148148,8612.0,0.0054
2010-02-01,Feb 2010,Duke Energy Carolinas,1572916.6666666667,7550.0,0.0048
2010-02-01,Feb 2010,Dominion Energy,101023.0,79.0,0.000782000138582303
2010-02-01,Feb 2010,Duke Energy Progress,1087543.859649123,6199.0,0.005699999999999999
2010-03-01,Mar 2010,Duke Energy Progress,1085119.0476190476,9115.0,0.0084
2010-03-01,Mar 2010,Duke Energy Carolinas,1584408.6021505375,14735.0,0.009300000000000001
2010-03-01,Mar 2010,Dominion Energy,100933.0,555.0,0.005498697155538823
2010-04-01,Apr 2010,Duke Energy Carolinas,1572716.0493827157,12739.0,0.008100000000000001
2010-04-01,Apr 2010,Duke Energy Progress,,,
2010-04-01,Apr 2010,Dominion Energy,100934.0,387.0,0.003834188677749817
2010-05-01,May 2010,Duke Energy Carolinas,1587500.0000000002,15240.0,0.0096
2010-05-01,May 2010,Duke Energy Progress,1084050.6329113923,8564.0,0.0079
2010-05-01,May 2010,Dominion Energy,100947.0,490.0,0.004854032313986547
2010-06-01,Jun 2010,Dominion Energy,101017.0,560.0,0.005543621370660384
2010-06-01,Jun 2010,Duke Energy Progress,1073833.3333333333,6443.0,0.006
2010-06-01,Jun 2010,Duke Energy Carolinas,1581444.4444444443,14233.0,0.009000000000000001
2010-07-01,Jul 2010,Dominion Energy,101065.0,362.0,0.0035818532627516944
2010-07-01,Jul 2010,Duke Energy Progress,1091875.0,5241.0,0.0048
2010-07-01,Jul 2010,Duke Energy Carolinas,1570156.25,10049.0,0.0064
2010-08-01,Aug 2010,Duke Energy Carolinas,1582537.3134328357,10603.0,0.0067
2010-08-01,Aug 2010,Dominion Energy,101187.0,298.0,0.0029450423473371084
2010-08-01,Aug 2010,Duke Energy Progress,1088333.3333333333,6530.0,0.006
2010-09-01,Sep 2010,Duke Energy Carolinas,1573908.0459770116,13693.0,0.0087
2010-09-01,Sep 2010,Duke Energy Progress,1082794.1176470588,7363.0,0.0068000000000000005
2010-09-01,Sep 2010,Dominion Energy,101086.0,671.0,0.0066379122727182795
2010-10-01,Oct 2010,Dominion Energy,100944.0,651.0,0.006449120304327152
2010-10-01,Oct 2010,Duke Energy Carolinas,1588988.7640449437,14142.0,0.0089
2010-10-01,Oct 2010,Duke Energy Progress,1075616.4383561644,7852.0,0.0073
2010-11-01,Nov 2010,Dominion Energy,100976.99999999999,485.0,0.004803073967339097
2010-11-01,Nov 2010,Duke Energy Progress,1081645.569620253,8545.0,0.0079
2010-11-01,Nov 2010,Duke Energy Carolinas,1576022.7272727273,13869.0,0.0088
2010-12-01,Dec 2010,Duke Energy Carolinas,1601666.6666666667,3844.0,0.0024
2010-12-01,Dec 2010,Duke Energy Progress,1094062.5,3501.0,0.0032
2010-12-01,Dec 2010,Dominion Energy,101135.0,55.0,0.0005438275572254907
2011-01-01,Jan 2011,Duke Energy Carolinas,1579166.6666666667,9475.0,0.006
2011-01-01,Jan 2011,Dominion Energy,101171.0,76.0,0.0007512034080912514
2011-01-01,Jan 2011,Duke Energy Progress,1089000.0,5445.0,0.005
2011-02-01,Feb 2011,Duke Energy Carolinas,1582702.7027027027,11712.0,0.0074
2011-02-01,Feb 2011,Duke Energy Progress,1081290.322580645,6704.0,0.0062
2011-02-01,Feb 2011,Dominion Energy,101234.0,360.0,0.003556117509927495
2011-03-01,Mar 2011,Duke Energy Progress,1087710.843373494,9028.0,0.0083
2011-03-01,Mar 2011,Duke Energy Carolinas,1578313.253012048,13100.0,0.0083
2011-03-01,Mar 2011,Dominion Energy,101150.0,697.0,0.006890756302521009
2011-04-01,Apr 2011,Duke Energy Progress,1094736.8421052634,6240.0,0.005699999999999999
2011-04-01,Apr 2011,Duke Energy Carolinas,,,
2011-04-01,Apr 2011,Dominion Energy,101037.99999999999,468.0,0.004631920663512738
2011-05-01,May 2011,Duke Energy Progress,1091830.985915493,7752.0,0.0070999999999999995
2011-05-01,May 2011,Duke Energy Carolinas,1591529.4117647058,13528.0,0.0085
2011-05-01,May 2011,Dominion Energy,100986.0,548.0,0.00542649476165013
2011-06-01,Jun 2011,Duke Energy Progress,1087142.8571428573,7610.0,0.006999999999999999
2011-06-01,Jun 2011,Duke Energy Carolinas,,,
2011-06-01,Jun 2011,Dominion Energy,101047.0,579.0,0.005730006828505547
2011-07-01,Jul 2011,Duke Energy Progress,1081395.3488372094,4650.0,0.0043
2011-07-01,Jul 2011,Duke Energy Carolinas,1591607.1428571427,8913.0,0.005600000000000001
2011-07-01,Jul 2011,Dominion Energy,101113.0,310.0,0.00306587679131269
2011-08-01,Aug 2011,Dominion Energy,101104.0,518.0,0.005123437252729862
2011-08-01,Aug 2011,Duke Energy Carolinas,1591707.317073171,13052.0,0.008199999999999999
2011-08-01,Aug 2011,Duke Energy Progress,1092054.7945205478,7972.0,0.0073
2011-09-01,Sep 2011,Duke Energy Carolinas,1585180.7228915663,13157.0,0.0083
2011-09-01,Sep 2011,Duke Energy Progress,1084666.6666666667,8135.0,0.0075
2011-09-01,Sep 2011,Dominion Energy,100916.0,537.0,0.005321257283285108
2011-10-01,Oct 2011,Duke Energy Progress,1088651.6853932585,9689.0,0.0089
2011-10-01,Oct 2011,Dominion Energy,100759.0,565.0,0.005607439533937415
2011-10-01,Oct 2011,Duke Energy Carolinas,1583333.3333333333,14725.0,0.009300000000000001
2011-11-01,Nov 2011,Dominion Energy,100777.0,563.0,0.00558659217877095
2011-11-01,Nov 2011,Duke Energy Carolinas,1589761.9047619049,13354.0,0.0084
2011-11-01,Nov 2011,Duke Energy Progress,1085324.6753246754,8357.0,0.0077
2011-12-01,Dec 2011,Duke Energy Progress,1087391.3043478262,7503.0,0.0069
2011-12-01,Dec 2011,Dominion Energy,100807.0,329.0,0.0032636622456773835
2011-12-01,Dec 2011,Duke Energy Carolinas,1597205.882352941,10861.0,0.0068000000000000005
2012-01-01,Jan 2012,Duke Energy Progress,1103661.971830986,7836.0,0.0070999999999999995
2012-01-01,Jan 2012,Dominion Energy,100750.0,616.0,0.006114143920595534
2012-01-01,Jan 2012,Duke Energy Carolinas,1602794.1176470588,10899.0,0.0068000000000000005
2012-02-01,Feb 2012,Duke Energy Progress,1092028.9855072463,7535.0,0.0069
2012-02-01,Feb 2012,Duke Energy Carolinas,1592985.0746268656,10673.0,0.0067
2012-02-01,Feb 2012,Dominion Energy,100913.00000000001,418.0,0.004142181879440706
2012-03-01,Mar 2012,Duke Energy Progress,1095569.6202531646,8655.0,0.0079
2012-03-01,Mar 2012,Dominion Energy,100949.0,391.0,0.0038732429246451177
2012-03-01,Mar 2012,Duke Energy Carolinas,1603529.4117647058,10904.0,0.0068000000000000005
2012-04-01,Apr 2012,Duke Energy Progress,1102894.7368421052,8382.0,0.0076
2012-04-01,Apr 2012,Duke Energy Carolinas,1588695.652173913,10962.0,0.0069
2012-04-01,Apr 2012,Dominion Energy,100973.0,404.0,0.004001069592861458
2012-05-01,May 2012,Duke Energy Progress,1094871.7948717948,8540.0,0.0078000000000000005
2012-05-01,May 2012,Duke Energy Carolinas,1604404.761904762,13477.0,0.0084
2012-05-01,May 2012,Dominion Energy,100989.0,500.0,0.0049510342710592245
2012-06-01,Jun 2012,Dominion Energy,101054.0,531.0,0.005254616343737012
2012-06-01,Jun 2012,Duke Energy Carolinas,1605507.2463768115,11078.0,0.0069
2012-06-01,Jun 2012,Duke Energy Progress,1102205.8823529412,7495.0,0.0068000000000000005
2012-07-01,Jul 2012,Duke Energy Progress,1097142.857142857,6144.0,0.005600000000000001
2012-07-01,Jul 2012,Dominion Energy,101243.0,340.0,0.003358256867141432
2012-07-01,Jul 2012,Duke Energy Carolinas,,,
2012-08-01,Aug 2012,Dominion Energy,101127.0,674.0,0.006664886726591316
2012-08-01,Aug 2012,Duke Energy Progress,1102602.7397260275,8049.0,0.0073
2012-08-01,Aug 2012,Duke Energy Carolinas,1600945.9459459458,11847.0,0.0074
2012-09-01,Sep 2012,Duke Energy Progress,1091267.605633803,7748.0,0.0070999999999999995
2012-09-01,Sep 2012,Duke Energy Carolinas,,,
2012-09-01,Sep 2012,Dominion Energy,101139.0,469.0,0.004637182491422695
2012-10-01,Oct 2012,Duke Energy Carolinas,1591616.1616161617,15757.0,0.009899999999999999
2012-10-01,Oct 2012,Dominion Energy,101047.0,547.0,0.005413322513285896
2012-10-01,Oct 2012,Duke Energy Progress,1101827.9569892471,10247.0,0.009300000000000001
2012-11-01,Nov 2012,Duke Energy Progress,1091710.5263157894,8297.0,0.0076
2012-11-01,Nov 2012,Dominion Energy,101030.0,622.0,0.0061565871523309905
2012-11-01,Nov 2012,Duke Energy Carolinas,1596455.6962025315,12612.0,0.0079
2012-12-01,Dec 2012,Dominion Energy,101068.0,398.0,0.003937942771203546
2012-12-01,Dec 2012,Duke Energy Carolinas,1609180.3278688525,9816.0,0.0060999999999999995
2012-12-01,Dec 2012,Duke Energy Progress,1099833.3333333333,6599.0,0.006
2013-01-01,Jan 2013,Duke Energy Progress,1107101.4492753623,7639.0,0.0069
2013-01-01,Jan 2013,Duke Energy Carolinas,1609180.3278688525,9816.0,0.0060999999999999995
2013-01-01,Jan 2013,Dominion Energy,101030.99999999999,538.0,0.005325098237174729
2013-02-01,Feb 2013,Duke Energy Progress,1111641.791044776,7448.0,0.0067
2013-02-01,Feb 2013,Dominion Energy,101064.99999999999,513.0,0.0050759412259437
2013-02-01,Feb 2013,Duke Energy Carolinas,1610000.0,11753.0,0.0073
2013-03-01,Mar 2013,Duke Energy Progress,1103442.6229508198,6731.0,0.0060999999999999995
2013-03-01,Mar 2013,Dominion Energy,101177.0,243.0,0.0024017316188461803
2013-03-01,Mar 2013,Duke Energy Carolinas,1611846.1538461538,10477.0,0.006500000000000001
2013-04-01,Apr 2013,Dominion Energy,101164.0,650.0,0.006425210549207228
2013-04-01,Apr 2013,Duke Energy Progress,1099428.5714285716,7696.0,0.006999999999999999
2013-04-01,Apr 2013,Duke Energy Carolinas,1615375.0,12923.0,0.008
2013-05-01,May 2013,Dominion Energy,101120.0,612.0,0.006052215189873418
2013-05-01,May 2013,Duke Energy Progress,1112435.8974358973,8677.0,0.0078000000000000005
2013-05-01,May 2013,Duke Energy Carolinas,1611392.405063291,12730.0,0.0079
2013-06-01,Jun 2013,Duke Energy Progress,1107761.1940298507,7422.0,0.0067
2013-06-01,Jun 2013,Dominion Energy,101088.0,624.0,0.006172839506172839
2013-06-01,Jun 2013,Duke Energy Carolinas,1613375.0,12907.0,0.008
2013-07-01,Jul 2013,Dominion Energy,101188.0,650.0,0.006423686603154524
2013-07-01,Jul 2013,Duke Energy Carolinas,1614800.0,12111.0,0.0075
2013-07-01,Jul 2013,Duke Energy Progress,1114626.8656716417,7468.0,0.0067
2013-08-01,Aug 2013,Duke Energy Carolinas,1612500.0,11610.0,0.0072
2013-08-01,Aug 2013,Dominion Energy,101217.0,587.0,0.005799421045871741
2013-08-01,Aug 2013,Duke Energy Progress,1101506.8493150685,8041.0,0.0073
2013-09-01,Sep 2013,Dominion Energy,101163.0,658.0,0.006504354358807074
2013-09-01,Sep 2013,Duke Energy Carolinas,1617692.3076923075,12618.0,0.0078000000000000005
2013-09-01,Sep 2013,Duke Energy Progress,1112028.9855072463,7673.0,0.0069
2013-10-01,Oct 2013,Dominion Energy,101145.0,748.0,0.007395323545405111
2013-10-01,Oct 2013,Duke Energy Progress,1104941.1764705882,9392.0,0.0085
2013-10-01,Oct 2013,Duke Energy Carolinas,1606804.1237113401,15586.0,0.0097
2013-11-01,Nov 2013,Duke Energy Progress,1107000.0,6642.0,0.006
2013-11-01,Nov 2013,Duke Energy Carolinas,1598309.8591549296,11348.0,0.0070999999999999995
2013-11-01,Nov 2013,Dominion Energy,101234.0,514.0,0.005077345555840923
2013-12-01,Dec 2013,Dominion Energy,101301.0,270.0,0.002665324133029289
2013-12-01,Dec 2013,Duke Energy Carolinas,1617692.3076923075,10515.0,0.006500000000000001
2013-12-01,Dec 2013,Duke Energy Progress,1106379.3103448276,6417.0,0.0058
2014-01-01,Jan 2014,Dominion Energy,101347.00000000001,209.0,0.002062221871392345
2014-01-01,Jan 2014,Duke Energy Carolinas,1612820.5128205128,6290.0,0.0039000000000000003
2014-01-01,Jan 2014,Duke Energy Progress,,,
2014-02-01,Feb 2014,Duke Energy Progress,1117884.6153846155,5813.0,0.0052
2014-02-01,Feb 2014,Duke Energy Carolinas,1635999.9999999998,10634.0,0.006500000000000001
2014-02-01,Feb 2014,Dominion Energy,101393.0,395.0,0.0038957324470131074
2014-03-01,Mar 2014,Duke Energy Carolinas,1628375.0,13027.0,0.008
2014-03-01,Mar 2014,Duke Energy Progress,1105937.5,7078.0,0.0064
2014-03-01,Mar 2014,Dominion Energy,101337.0,546.0,0.005387962935551674
2014-04-01,Apr 2014,Dominion Energy,101272.0,624.0,0.0061616241409274035
2014-04-01,Apr 2014,Duke Energy Carolinas,1618395.0617283948,13109.0,0.008100000000000001
2014-04-01,Apr 2014,Duke Energy Progress,1112328.7671232878,8120.0,0.0073
2014-05-01,May 2014,Dominion Energy,101214.0,716.0,0.007074120181002628
2014-05-01,May 2014,Duke Energy Progress,1100375.0,8803.0,0.008
2014-05-01,May 2014,Duke Energy Carolinas,1622500.0,12980.0,0.008
2014-06-01,Jun 2014,Duke Energy Progress,1099230.7692307692,7145.0,0.006500000000000001
2014-06-01,Jun 2014,Dominion Energy,101233.0,729.0,0.007201209091896911
2014-06-01,Jun 2014,Duke Energy Carolinas,1621282.0512820513,12646.0,0.0078000000000000005
2014-07-01,Jul 2014,Dominion Energy,101251.0,666.0,0.006577712812712961
2014-07-01,Jul 2014,Duke Energy Progress,1103684.210526316,6291.0,0.005699999999999999
2014-07-01,Jul 2014,Duke Energy Carolinas,1634918.0327868853,9973.0,0.0060999999999999995
2014-08-01,Aug 2014,Duke Energy Progress,1117222.2222222222,6033.0,0.0054
2014-08-01,Aug 2014,Duke Energy Carolinas,1627962.962962963,8791.0,0.0054
2014-08-01,Aug 2014,Dominion Energy,101268.0,684.0,0.0067543547813722
2014-09-01,Sep 2014,Duke Energy Progress,1112586.206896552,6453.0,0.0058
2014-09-01,Sep 2014,Duke Energy Carolinas,1621764.7058823528,11028.0,0.0068000000000000005
2014-09-01,Sep 2014,Dominion Energy,101317.0,744.0,0.007343288885379552
2014-10-01,Oct 2014,Duke Energy Carolinas,1626086.9565217393,11220.0,0.0069
2014-10-01,Oct 2014,Dominion Energy,101324.0,714.0,0.007046701669890648
2014-10-01,Oct 2014,Duke Energy Progress,1101818.1818181819,7272.0,0.0066
2014-11-01,Nov 2014,Duke Energy Progress,1110000.0,5772.0,0.0052
2014-11-01,Nov 2014,Dominion Energy,101442.0,459.0,0.004524753060862365
2014-11-01,Nov 2014,Duke Energy Carolinas,1629824.561403509,9290.0,0.005699999999999999
2014-12-01,Dec 2014,Dominion Energy,101515.0,359.0,0.0035364231886913264
2014-12-01,Dec 2014,Duke Energy Progress,1110833.3333333333,6665.0,0.006
2014-12-01,Dec 2014,Duke Energy Carolinas,1615901.6393442624,9857.0,0.0060999999999999995
2015-01-01,Jan 2015,Duke Energy Carolinas,1661739.1304347827,7644.0,0.0046
2015-01-01,Jan 2015,Dominion Energy,101607.00000000001,106.0,0.0010432352101725274
2015-01-01,Jan 2015,Duke Energy Progress,1116122.448979592,5469.0,0.0049
2015-02-01,Feb 2015,Duke Energy Carolinas,1621724.1379310347,4703.0,0.0029
2015-02-01,Feb 2015,Dominion Energy,101798.0,64.0,0.0006286960451089412
2015-02-01,Feb 2015,Duke Energy Progress,1094285.714285714,3064.0,0.0028000000000000004
2015-03-01,Mar 2015,Duke Energy Carolinas,1657051.282051282,12925.0,0.0078000000000000005
2015-03-01,Mar 2015,Dominion Energy,101521.0,939.0,0.009249317875119433
2015-03-01,Mar 2015,Duke Energy Progress,1106417.9104477612,7413.0,0.0067
2015-04-01,Apr 2015,Duke Energy Progress,1101612.9032258065,6830.0,0.0062
2015-04-01,Apr 2015,Dominion Energy,101422.0,765.0,0.007542742205833054
2015-04-01,Apr 2015,Duke Energy Carolinas,1649436.61971831,11711.0,0.0070999999999999995
2015-05-01,May 2015,Duke Energy Carolinas,1646764.7058823528,11198.0,0.0068000000000000005
2015-05-01,May 2015,Dominion Energy,101489.0,712.0,0.007015538629802244
2015-05-01,May 2015,Duke Energy Progress,1109655.1724137932,6436.0,0.0058
2015-06-01,Jun 2015,Dominion Energy,101598.0,674.0,0.006633988858048387
2015-06-01,Jun 2015,Duke Energy Carolinas,1648571.4285714286,10386.0,0.0063
2015-06-01,Jun 2015,Duke Energy Progress,1101521.7391304348,5067.0,0.0046
2015-07-01,Jul 2015,Duke Energy Progress,1111190.4761904762,4667.0,0.0042
2015-07-01,Jul 2015,Duke Energy Carolinas,1635272.727272727,8994.0,0.0055000000000000005
2015-07-01,Jul 2015,Dominion Energy,101602.00000000001,596.0,0.005866026259325603
2015-08-01,Aug 2015,Duke Energy Progress,1109800.0,5549.0,0.005
2015-08-01,Aug 2015,Dominion Energy,101649.0,727.0,0.007152062489547364
2015-08-01,Aug 2015,Duke Energy Carolinas,1643559.3220338984,9697.0,0.0059
2015-09-01,Sep 2015,Duke Energy Carolinas,1655324.6753246752,12746.0,0.0077
2015-09-01,Sep 2015,Dominion Energy,101681.0,820.0,0.008064436817104474
2015-09-01,Sep 2015,Duke Energy Progress,1110357.1428571427,6218.0,0.005600000000000001
2015-10-01,Oct 2015,Duke Energy Progress,1105833.3333333333,6635.0,0.006
2015-10-01,Oct 2015,Dominion Energy,101618.0,713.0,0.007016473459426479
2015-10-01,Oct 2015,Duke Energy Carolinas,1649210.5263157894,12534.0,0.0076
2015-11-01,Nov 2015,Dominion Energy,101667.0,483.0,0.0047508040957242766
2015-11-01,Nov 2015,Duke Energy Carolinas,1638947.3684210528,9342.0,0.005699999999999999
2015-11-01,Nov 2015,Duke Energy Progress,1100357.1428571427,6162.0,0.005600000000000001
2015-12-01,Dec 2015,Duke Energy Progress,1107966.1016949152,6537.0,0.0059
2015-12-01,Dec 2015,Dominion Energy,101782.0,428.0,0.004205065728714311
2015-12-01,Dec 2015,Duke Energy Carolinas,1647636.3636363635,9062.0,0.0055000000000000005
2016-01-01,Jan 2016,Dominion Energy,101902.0,278.0,0.002728111322643324
2016-01-01,Jan 2016,Duke Energy Progress,1147096.7741935484,3556.0,0.0031
2016-01-01,Jan 2016,Duke Energy Carolinas,1649333.3333333333,4948.0,0.003
2016-02-01,Feb 2016,Duke Energy Progress,1164545.4545454546,5124.0,0.0044
2016-02-01,Feb 2016,Duke Energy Carolinas,1669019.607843137,8512.0,0.0051
2016-02-01,Feb 2016,Dominion Energy,101929.0,360.0,0.0035318702233907914
2016-03-01,Mar 2016,Duke Energy Carolinas,1668833.3333333333,10013.0,0.006
2016-03-01,Mar 2016,Dominion Energy,101897.0,533.0,0.0052307722504097275
2016-03-01,Mar 2016,Duke Energy Progress,1160615.3846153845,7544.0,0.006500000000000001
2016-04-01,Apr 2016,Dominion Energy,101924.0,520.0,0.005101840587104117
2016-04-01,Apr 2016,Duke Energy Progress,1158392.857142857,6487.0,0.005600000000000001
2016-04-01,Apr 2016,Duke Energy Carolinas,1661904.761904762,10470.0,0.0063
2016-05-01,May 2016,Duke Energy Progress,1158392.857142857,6487.0,0.005600000000000001
2016-05-01,May 2016,Dominion Energy,101980.0,537.0,0.005265738380074525
2016-05-01,May 2016,Duke Energy Carolinas,1668529.4117647058,11346.0,0.0068000000000000005
2016-06-01,Jun 2016,Duke Energy Carolinas,1678749.9999999998,9401.0,0.005600000000000001
2016-06-01,Jun 2016,Duke Energy Progress,1156274.5098039214,5897.0,0.0051
2016-06-01,Jun 2016,Dominion Energy,102058.0,511.0,0.005006956828470086
2016-07-01,Jul 2016,Duke Energy Carolinas,1654615.3846153847,8604.0,0.0052
2016-07-01,Jul 2016,Dominion Energy,102155.0,217.0,0.002124222994469189
2016-07-01,Jul 2016,Duke Energy Progress,1148181.8181818181,3789.0,0.0033
2016-08-01,Aug 2016,Dominion Energy,102298.00000000001,523.0,0.005112514418659211
2016-08-01,Aug 2016,Duke Energy Carolinas,1658035.714285714,9285.0,0.005600000000000001
2016-08-01,Aug 2016,Duke Energy Progress,1154545.4545454544,6350.0,0.0055000000000000005
2016-09-01,Sep 2016,Dominion Energy,102205.0,475.0,0.004647522136881757
2016-09-01,Sep 2016,Duke Energy Carolinas,1675862.0689655175,9720.0,0.0058
2016-09-01,Sep 2016,Duke Energy Progress,1162545.4545454544,6394.0,0.0055000000000000005
2016-10-01,Oct 2016,Duke Energy Progress,1159032.2580645161,3593.0,0.0031
2016-10-01,Oct 2016,Dominion Energy,102173.0,385.0,0.003768118778933769
2016-10-01,Oct 2016,Duke Energy Carolinas,1685106.3829787236,7920.0,0.004699999999999999
2016-11-01,Nov 2016,Dominion Energy,102194.99999999999,469.0,0.004589265619648711
2016-11-01,Nov 2016,Duke Energy Progress,1159310.3448275863,6724.0,0.0058
2016-11-01,Nov 2016,Duke Energy Carolinas,1673392.8571428568,9371.0,0.005600000000000001
2016-12-01,Dec 2016,Dominion Energy,102234.0,317.0,0.003100729698534734
2016-12-01,Dec 2016,Duke Energy Carolinas,1673409.0909090908,7363.0,0.0044
2016-12-01,Dec 2016,Duke Energy Progress,1161777.7777777778,5228.0,0.0045000000000000005
2017-01-01,Jan 2017,Dominion Energy,102289.0,511.0,0.004995649581088875
2017-01-01,Jan 2017,Duke Energy Carolinas,1696122.448979592,8311.0,0.0049
2017-01-01,Jan 2017,Duke Energy Progress,1174888.8888888888,5287.0,0.0045000000000000005
2017-02-01,Feb 2017,Duke Energy Progress,1190465.1162790698,5119.0,0.0043
2017-02-01,Feb 2017,Duke Energy Carolinas,1693928.5714285711,9486.0,0.005600000000000001
2017-02-01,Feb 2017,Dominion Energy,102230.99999999999,484.0,0.004734376069880956
2017-03-01,Mar 2017,Dominion Energy,102307.00000000001,405.0,0.003958673404556873
2017-03-01,Mar 2017,Duke Energy Progress,1172600.0,5863.0,0.005
2017-03-01,Mar 2017,Duke Energy Carolinas,1698000.0,10188.0,0.006
2017-04-01,Apr 2017,Duke Energy Carolinas,1686458.3333333335,8095.0,0.0048
2017-04-01,Apr 2017,Dominion Energy,102299.0,527.0,0.005151565508949256
2017-04-01,Apr 2017,Duke Energy Progress,1183333.3333333333,4615.0,0.0039000000000000003
2017-05-01,May 2017,Duke Energy Carolinas,1694590.1639344264,10337.0,0.0060999999999999995
2017-05-01,May 2017,Duke Energy Progress,1174444.4444444445,6342.0,0.0054
2017-05-01,May 2017,Dominion Energy,102356.0,542.0,0.005295244050177811
2017-06-01,Jun 2017,Dominion Energy,102409.0,629.0,0.006142038297415266
2017-06-01,Jun 2017,Duke Energy Carolinas,1685762.7118644067,9946.0,0.0059
2017-06-01,Jun 2017,Duke Energy Progress,1182307.6923076923,6148.0,0.0052
2017-07-01,Jul 2017,Duke Energy Progress,1177674.4186046512,5064.0,0.0043
2017-07-01,Jul 2017,Dominion Energy,102486.00000000001,471.0,0.004595749663368655
2017-07-01,Jul 2017,Duke Energy Carolinas,1698260.8695652175,7812.0,0.0046
2017-08-01,Aug 2017,Dominion Energy,102557.0,593.0,0.005782150413916163
2017-08-01,Aug 2017,Duke Energy Progress,1177755.1020408163,5771.0,0.0049
2017-08-01,Aug 2017,Duke Energy Carolinas,1701896.551724138,9871.0,0.0058
2017-09-01,Sep 2017,Duke Energy Progress,1192222.222222222,5365.0,0.0045000000000000005
2017-09-01,Sep 2017,Duke Energy Carolinas,1690227.2727272727,7437.0,0.0044
2017-09-01,Sep 2017,Dominion Energy,102536.0,583.0,0.005685807911367715
2017-10-01,Oct 2017,Duke Energy Carolinas,1696184.2105263157,12891.0,0.0076
2017-10-01,Oct 2017,Dominion Energy,102517.0,633.0,0.0061745856784728385
2017-10-01,Oct 2017,Duke Energy Progress,1187500.0,9500.0,0.008
2017-11-01,Nov 2017,Duke Energy Progress,1184912.2807017546,6754.0,0.005699999999999999
2017-11-01,Nov 2017,Duke Energy Carolinas,1695675.6756756755,6274.0,0.0037
2017-11-01,Nov 2017,Dominion Energy,102556.99999999999,512.0,0.004992345719941106
2017-12-01,Dec 2017,Duke Energy Carolinas,1702115.3846153847,8851.0,0.0052
2017-12-01,Dec 2017,Duke Energy Progress,1173555.5555555555,5281.0,0.0045000000000000005
2017-12-01,Dec 2017,Dominion Energy,102599.0,245.0,0.002387937504264174
2018-01-01,Jan 2018,Duke Energy Carolinas,1731632.6530612246,8485.0,0.0049
2018-01-01,Jan 2018,Dominion Energy,102694.0,238.0,0.0023175648041755116
2018-01-01,Jan 2018,Duke Energy Progress,1193684.2105263157,4536.0,0.0038
2018-02-01,Feb 2018,Dominion Energy,102630.0,588.0,0.005729318912598655
2018-02-01,Feb 2018,Duke Energy Progress,1203260.8695652175,5535.0,0.0046
2018-02-01,Feb 2018,Duke Energy Carolinas,1720597.014925373,11528.0,0.0067
2018-03-01,Mar 2018,Duke Energy Carolinas,1726875.0,11052.0,0.0064
2018-03-01,Mar 2018,Duke Energy Progress,1213414.6341463416,4975.0,0.0040999999999999995
2018-03-01,Mar 2018,Dominion Energy,102818.0,385.0,0.0037444805384271238
2018-04-01,Apr 2018,Dominion Energy,102762.0,663.0,0.006451801249489111
2018-04-01,Apr 2018,Duke Energy Progress,,,
2018-04-01,Apr 2018,Duke Energy Carolinas,1720588.2352941176,14625.0,0.0085
2018-05-01,May 2018,Duke Energy Progress,1200222.222222222,5401.0,0.0045000000000000005
2018-05-01,May 2018,Dominion Energy,102773.0,629.0,0.006120284510523192
2018-05-01,May 2018,Duke Energy Carolinas,1722025.316455696,13604.0,0.0079
2018-06-01,Jun 2018,Duke Energy Carolinas,1724492.7536231885,11899.0,0.0069
2018-06-01,Jun 2018,Duke Energy Progress,1203055.5555555555,4331.0,0.0036
2018-06-01,Jun 2018,Dominion Energy,102810.0,522.0,0.005077327108257952
2018-07-01,Jul 2018,Duke Energy Carolinas,1720704.225352113,12217.0,0.0070999999999999995
2018-07-01,Jul 2018,Duke Energy Progress,1219666.6666666667,3659.0,0.003
2018-07-01,Jul 2018,Dominion Energy,102864.0,619.0,0.006017654378596983
2018-08-01,Aug 2018,Duke Energy Progress,1188888.888888889,4280.0,0.0036
2018-08-01,Aug 2018,Duke Energy Carolinas,1729506.1728395058,14009.0,0.008100000000000001
2018-08-01,Aug 2018,Dominion Energy,102965.0,482.0,0.004681202350313213
2018-09-01,Sep 2018,Duke Energy Progress,1153750.0,923.0,0.0008
2018-09-01,Sep 2018,Duke Energy Carolinas,1732333.3333333333,5197.0,0.003
2018-09-01,Sep 2018,Dominion Energy,103003.0,459.0,0.004456180887935303
2018-10-01,Oct 2018,Duke Energy Carolinas,1729418.6046511629,14873.0,0.0086
2018-10-01,Oct 2018,Duke Energy Progress,1188214.2857142854,3327.0,0.0028000000000000004
2018-10-01,Oct 2018,Dominion Energy,102929.0,791.0,0.0076849090149520545
2018-11-01,Nov 2018,Duke Energy Progress,1208611.1111111112,4351.0,0.0036
2018-11-01,Nov 2018,Duke Energy Carolinas,1722394.3661971833,12229.0,0.0070999999999999995
2018-11-01,Nov 2018,Dominion Energy,102990.0,500.0,0.004854840275754928
2018-12-01,Dec 2018,Duke Energy Carolinas,1748965.5172413795,5072.0,0.0029
2018-12-01,Dec 2018,Dominion Energy,103137.99999999999,203.0,0.0019682367313696215
2018-12-01,Dec 2018,Duke Energy Progress,1200000.0,1920.0,0.0016
2019-01-01,Jan 2019,Duke Energy Carolinas,1760793.650793651,11093.0,0.0063
2019-01-01,Jan 2019,Dominion Energy,103241.99999999999,234.0,0.0022665194397628874
2019-01-01,Jan 2019,Duke Energy Progress,1209772.7272727273,5323.0,0.0044
2019-02-01,Feb 2019,Duke Energy Progress,1228333.3333333335,5896.0,0.0048
2019-02-01,Feb 2019,Duke Energy Carolinas,1762151.898734177,13921.0,0.0079
2019-02-01,Feb 2019,Dominion Energy,103189.00000000001,523.0,0.005068369690567793
2019-03-01,Mar 2019,Duke Energy Progress,1214339.6226415094,6436.0,0.0053
2019-03-01,Mar 2019,Duke Energy Carolinas,1759200.0,13194.0,0.0075
2019-03-01,Mar 2019,Dominion Energy,103296.0,298.0,0.002884913258983891
2019-04-01,Apr 2019,Dominion Energy,103273.0,637.0,0.0061681175137741715
2019-04-01,Apr 2019,Duke Energy Progress,1226792.4528301887,6502.0,0.0053
2019-04-01,Apr 2019,Duke Energy Carolinas,1752093.0232558139,15068.0,0.0086
2019-05-01,May 2019,Dominion Energy,103297.0,350.0,0.0033882881400234275
2019-05-01,May 2019,Duke Energy Carolinas,1764675.3246753246,13588.0,0.0077
2019-05-01,May 2019,Duke Energy Progress,1211886.7924528301,6423.0,0.0053
2019-06-01,Jun 2019,Duke Energy Carolinas,1768103.4482758623,10255.0,0.0058
2019-06-01,Jun 2019,Dominion Energy,103412.0,471.0,0.004554597145398987
2019-06-01,Jun 2019,Duke Energy Progress,1222545.4545454544,6724.0,0.0055000000000000005
2019-07-01,Jul 2019,Dominion Energy,103576.0,505.0,0.004875646868000309
2019-07-01,Jul 2019,Duke Energy Progress,1210701.754385965,6901.0,0.005699999999999999
2019-07-01,Jul 2019,Duke Energy Carolinas,1747272.7272727273,5766.0,0.0033
2019-08-01,Aug 2019,Duke Energy Carolinas,1754193.5483870967,10876.0,0.0062
2019-08-01,Aug 2019,Duke Energy Progress,1216764.7058823528,8274.0,0.0068000000000000005
2019-08-01,Aug 2019,Dominion Energy,103602.0,358.0,0.0034555317464913804
2019-09-01,Sep 2019,Duke Energy Progress,1215454.5454545454,9359.0,0.0077
2019-09-01,Sep 2019,Dominion Energy,103609.0,353.0,0.0034070399289637
2019-09-01,Sep 2019,Duke Energy Carolinas,1766774.1935483871,10954.0,0.0062
2019-10-01,Oct 2019,Dominion Energy,103557.99999999999,557.0,0.005378628401475502
2019-10-01,Oct 2019,Duke Energy Progress,1225957.446808511,11524.0,0.009399999999999999
2019-10-01,Oct 2019,Duke Energy Carolinas,1761739.1304347827,12156.0,0.0069
2019-11-01,Nov 2019,Duke Energy Progress,1215135.1351351351,8992.0,0.0074
2019-11-01,Nov 2019,Dominion Energy,103630.0,296.0,0.002856315738685709
2019-11-01,Nov 2019,Duke Energy Carolinas,1743888.8888888888,9417.0,0.0054
2019-12-01,Dec 2019,Duke Energy Carolinas,1772127.6595744684,8329.0,0.004699999999999999
2019-12-01,Dec 2019,Duke Energy Progress,1230307.6923076923,7997.0,0.006500000000000001
2019-12-01,Dec 2019,Dominion Energy,103629.99999999999,233.0,0.002248383672681656
2020-01-01,Jan 2020,Duke Energy Carolinas,1761875.0,11276.0,0.0064
2020-01-01,Jan 2020,Dominion Energy,103894.0,331.0,0.003185939515275184
2020-01-01,Jan 2020,Duke Energy Progress,1214705.8823529412,8260.0,0.0068000000000000005
2020-02-01,Feb 2020,Duke Energy Progress,1218219.1780821919,8893.0,0.0073
2020-02-01,Feb 2020,Duke Energy Carolinas,1762622.9508196723,10752.0,0.0060999999999999995
2020-02-01,Feb 2020,Dominion Energy,103866.0,452.0,0.00435176092272736
2020-03-01,Mar 2020,Duke Energy Carolinas,1758529.4117647058,5979.0,0.0034000000000000002
2020-03-01,Mar 2020,Duke Energy Progress,1235588.2352941176,4201.0,0.0034000000000000002
2020-03-01,Mar 2020,Dominion Energy,104001.0,245.0,0.0023557465793598137
2020-04-01,Apr 2020,Duke Energy Carolinas,,0.0,0.0
2020-04-01,Apr 2020,Duke Energy Progress,,0.0,0.0
2020-04-01,Apr 2020,Dominion Energy,,0.0,0.0
2020-05-01,May 2020,Dominion Energy,,0.0,0.0
2020-05-01,May 2020,Duke Energy Carolinas,,0.0,0.0
2020-05-01,May 2020,Duke Energy Progress,,0.0,0.0
2020-06-01,Jun 2020,Duke Energy Progress,,0.0,0.0
2020-06-01,Jun 2020,Duke Energy Carolinas,,0.0,0.0
2020-06-01,Jun 2020,Dominion Energy,,0.0,0.0
2020-07-01,Jul 2020,Duke Energy Carolinas,,0.0,0.0
2020-07-01,Jul 2020,Duke Energy Progress,,0.0,0.0
2020-07-01,Jul 2020,Dominion Energy,,0.0,0.0
2020-08-01,Aug 2020,Duke Energy Progress,,0.0,0.0
2020-08-01,Aug 2020,Dominion Energy,,0.0,0.0
2020-08-01,Aug 2020,Duke Energy Carolinas,,0.0,0.0
2020-09-01,Sep 2020,Duke Energy Progress,,0.0,0.0
2020-09-01,Sep 2020,Duke Energy Carolinas,,0.0,0.0
2020-09-01,Sep 2020,Dominion Energy,,0.0,0.0
2020-10-01,Oct 2020,Dominion Energy,,0.0,0.0
2020-10-01,Oct 2020,Duke Energy Progress,,0.0,0.0
2020-10-01,Oct 2020,Duke Energy Carolinas,,0.0,0.0
2020-11-01,Nov 2020,Duke Energy Progress,1245416.0,12776.0,0.010258419676638167
2020-11-01,Nov 2020,Duke Energy Carolinas,1830590.0000000002,4185.0,0.002286148181733758
2020-11-01,Nov 2020,Dominion Energy,104921.0,5.0,4.765490225979546e-05
2020-12-01,Dec 2020,Duke Energy Carolinas,1829121.0,5547.0,0.0030326041852889994
2020-12-01,Dec 2020,Dominion Energy,105087.0,22.0,0.0002093503478070551
2020-12-01,Dec 2020,Duke Energy Progress,1247906.0,6309.0,0.00505566925713956
2021-01-01,Jan 2021,Duke Energy Progress,1249692.0,7248.0,0.005799829077884791
2021-01-01,Jan 2021,Duke Energy Carolinas,1824851.9999999998,9313.0,0.00510342756563272
2021-01-01,Jan 2021,Dominion Energy,105170.0,2.0,1.9016829894456594e-05
2021-02-01,Feb 2021,Duke Energy Progress,1251797.0,7230.0,0.005775696858196656
2021-02-01,Feb 2021,Duke Energy Carolinas,1639980.0,7810.0,0.004762253198209734
2021-02-01,Feb 2021,Dominion Energy,105266.0,29.0,0.0002754925617008341
2021-03-01,Mar 2021,Dominion Energy,,0.0,0.0
2021-03-01,Mar 2021,Duke Energy Progress,1254159.0,2.0,1.594694133678425e-06
2021-03-01,Mar 2021,Duke Energy Carolinas,,0.0,0.0
2021-04-01,Apr 2021,Dominion Energy,,0.0,0.0
2021-04-01,Apr 2021,Duke Energy Progress,,0.0,0.0
2021-04-01,Apr 2021,Duke Energy Carolinas,,0.0,0.0
2021-05-01,May 2021,Duke Energy Progress,1258906.0,352.0,0.0002796078499903885
2021-05-01,May 2021,Dominion Energy,,0.0,0.0
2021-05-01,May 2021,Duke Energy Carolinas,,0.0,0.0
2021-06-01,Jun 2021,Dominion Energy,,0.0,0.0
2021-06-01,Jun 2021,Duke Energy Carolinas,,0.0,0.0
2021-06-01,Jun 2021,Duke Energy Progress,1259617.0,4785.0,0.003798773754244346
2021-07-01,Jul 2021,Dominion Energy,,0.0,0.0
2021-07-01,Jul 2021,Duke Energy Carolinas,1805303.0,191.0,0.00010579941428114838
2021-07-01,Jul 2021,Duke Energy Progress,1261675.0,8219.0,0.006514355915746924
2021-08-01,Aug 2021,Dominion Energy,,0.0,0.0
2021-08-01,Aug 2021,Duke Energy Progress,1263644.0,8332.0,0.006593629218355802
2021-08-01,Aug 2021,Duke Energy Carolinas,1809280.0,639.0,0.0003531791651927839
2021-09-01,Sep 2021,Duke Energy Carolinas,1812603.0,5691.0,0.0031396836483223297
2021-09-01,Sep 2021,Duke Energy Progress,1265158.0,8458.0,0.006685331002135701
2021-09-01,Sep 2021,Dominion Energy,,0.0,0.0
2021-10-01,Oct 2021,Dominion Energy,106027.99999999999,140.0,0.0013204059305089223
2021-10-01,Oct 2021,Duke Energy Carolinas,1813613.0,963.0,0.0005309842838576918
2021-10-01,Oct 2021,Duke Energy Progress,1268401.0,1.0,7.883942065640124e-07
2021-11-01,Nov 2021,Duke Energy Progress,,0.0,0.0
2021-11-01,Nov 2021,Duke Energy Carolinas,1816053.9999999998,461.0,0.00025384707723448755
2021-11-01,Nov 2021,Dominion Energy,105941.0,292.0,0.00275625112090692
2021-12-01,Dec 2021,Duke Energy Progress,,0.0,0.0
2021-12-01,Dec 2021,Dominion Energy,106011.0,110.0,0.0010376281706615351
2021-12-01,Dec 2021,Duke Energy Carolinas,1818281.0,2258.0,0.0012418322580503233
2022-01-01,Jan 2022,Duke Energy Carolinas,1820290.9999999998,1012.0,0.0005559550643276268
2022-01-01,Jan 2022,Dominion Energy,106149.0,1.0,9.42071993141716e-06
2022-01-01,Jan 2022,Duke Energy Progress,,0.0,0.0
2022-02-01,Feb 2022,Duke Energy Carolinas,1822162.0,940.0,0.0005158707074343554
2022-02-01,Feb 2022,Dominion Energy,106211.0,136.0,0.0012804700078146332
2022-02-01,Feb 2022,Duke Energy Progress,1282379.0,9.0,7.0182060061807e-06
2022-03-01,Mar 2022,Dominion Energy,106249.0,258.0,0.002428258148311984
2022-03-01,Mar 2022,Duke Energy Progress,1284168.0,81.0,6.307585923337133e-05
2022-03-01,Mar 2022,Duke Energy Carolinas,1824835.0,426.0,0.0002334457635895848
2022-04-01,Apr 2022,Duke Energy Progress,1285428.0,179.0,0.00013925322927460737
2022-04-01,Apr 2022,Duke Energy Carolinas,1826140.0,157.0,8.597369314510388e-05
2022-04-01,Apr 2022,Dominion Energy,106273.0,183.0,0.0017219801831133024
2022-05-01,May 2022,Duke Energy Carolinas,1828552.9999999998,3872.0,0.0021175213406447613
2022-05-01,May 2022,Dominion Energy,106300.0,202.0,0.0019002822201317027
2022-05-01,May 2022,Duke Energy Progress,1287787.0,1379.0,0.0010708292598077167
2022-06-01,Jun 2022,Duke Energy Progress,1289697.0,3422.0,0.002653336403821983
2022-06-01,Jun 2022,Duke Energy Carolinas,1830078.0,6207.0,0.0033916587161858676
2022-06-01,Jun 2022,Dominion Energy,106419.0,100.0,0.0009396818237344836
2022-07-01,Jul 2022,Duke Energy Progress,1291000.0,3421.0,0.0026498838109992253
2022-07-01,Jul 2022,Duke Energy Carolinas,1832116.0,6026.0,0.0032890930486934233
2022-07-01,Jul 2022,Dominion Energy,106468.0,98.0,0.0009204643648795882
2022-08-01,Aug 2022,Duke Energy Carolinas,1835035.0,7984.0,0.004350870691839665
2022-08-01,Aug 2022,Duke Energy Progress,1293295.0,4600.0,0.003556806451737616
2022-08-01,Aug 2022,Dominion Energy,106527.0,98.0,0.0009199545655092136
2022-09-01,Sep 2022,Dominion Energy,106688.0,101.0,0.0009466856628674265
2022-09-01,Sep 2022,Duke Energy Carolinas,1838267.0,6727.0,0.0036594248822396313
2022-09-01,Sep 2022,Duke Energy Progress,1294840.0,3472.0,0.0026814123752741652
2022-10-01,Oct 2022,Dominion Energy,106671.0,162.0,0.0015186883032876789
2022-10-01,Oct 2022,Duke Energy Carolinas,1840924.0,5842.0,0.0031734063980913933
2022-10-01,Oct 2022,Duke Energy Progress,1297190.0,3139.0,0.0024198459747608292
2022-11-01,Nov 2022,Duke Energy Carolinas,1844075.0,4823.0,0.002615403386521698
2022-11-01,Nov 2022,Duke Energy Progress,1299890.0,2960.0,0.0022771157559485803
2022-11-01,Nov 2022,Dominion Energy,106794.0,146.0,0.0013671180028840572
2022-12-01,Dec 2022,Duke Energy Progress,1302462.0,3206.0,0.0024614921586963764
2022-12-01,Dec 2022,Dominion Energy,106928.00000000001,60.0,0.000561125243154272
2022-12-01,Dec 2022,Duke Energy Carolinas,1847743.0,4888.0,0.0026453895373977875
2023-01-01,Jan 2023,Dominion Energy,106965.00000000001,68.0,0.0006357219651287804
2023-01-01,Jan 2023,Duke Energy Progress,1303575.0,3676.0,0.0028199374796233434
2023-01-01,Jan 2023,Duke Energy Carolinas,1849615.0,5161.0,0.0027903104159514277
2023-02-01,Feb 2023,Dominion Energy,106943.0,175.0,0.0016363857381969835
2023-02-01,Feb 2023,Duke Energy Carolinas,1851950.0,6728.0,0.0036329274548448933
2023-02-01,Feb 2023,Duke Energy Progress,1305398.0,3791.0,0.002904095149525279
2023-03-01,Mar 2023,Dominion Energy,107036.0,11.0,0.00010276916177734595
2023-03-01,Mar 2023,Duke Energy Carolinas,1855580.0,6243.0,0.0033644466959117905
2023-03-01,Mar 2023,Duke Energy Progress,1309530.0,3433.0,0.0026215512435759395
2023-04-01,Apr 2023,Dominion Energy,,0.0,0.0
2023-04-01,Apr 2023,Duke Energy Progress,1311641.0,3680.0,0.002805645752153219
2023-04-01,Apr 2023,Duke Energy Carolinas,1857624.0,6015.0,0.003238007260888102
2023-05-01,May 2023,Dominion Energy,,0.0,0.0
2023-05-01,May 2023,Duke Energy Carolinas,1861497.0,7023.0,0.003772769980290057
2023-05-01,May 2023,Duke Energy Progress,1314643.0,4031.0,0.0030662316689778137
2023-06-01,Jun 2023,Duke Energy Carolinas,1864522.0000000002,7363.0,0.003949001406258547
2023-06-01,Jun 2023,Duke Energy Progress,1317801.0,4329.0,0.0032850179958886054
2023-06-01,Jun 2023,Dominion Energy,,0.0,0.0
2023-07-01,Jul 2023,Dominion Energy,,0.0,0.0
2023-07-01,Jul 2023,Duke Energy Progress,1320776.0,5249.0,0.003974178816089935
2023-07-01,Jul 2023,Duke Energy Carolinas,1867729.0000000002,7679.0,0.004111410167106684
2023-08-01,Aug 2023,Duke Energy Carolinas,1871419.0,6665.0,0.0035614685968241213
2023-08-01,Aug 2023,Dominion Energy,,0.0,0.0
2023-08-01,Aug 2023,Duke Energy Progress,1323380.0,3397.0,0.0025669119980655593
2023-09-01,Sep 2023,Dominion Energy,,0.0,0.0
2023-09-01,Sep 2023,Duke Energy Progress,1325785.0,3461.0,0.0026105288564887974
2023-09-01,Sep 2023,Duke Energy Carolinas,1874698.0,5827.0,0.003108233966217492
2023-10-01,Oct 2023,Duke Energy Progress,1329775.0,3937.0,0.0029606512379913895
2023-10-01,Oct 2023,Dominion Energy,,0.0,0.0
2023-10-01,Oct 2023,Duke Energy Carolinas,1879557.0,7521.0,0.004001474815608146
2023-11-01,Nov 2023,Dominion Energy,,0.0,0.0
2023-11-01,Nov 2023,Duke Energy Carolinas,1883694.0,6830.0,0.00362585430542328
2023-11-01,Nov 2023,Duke Energy Progress,1333007.0,4982.0,0.0037374147322557197
2023-12-01,Dec 2023,Duke Energy Carolinas,1886617.0,6345.0,0.0033631627405032393
2023-12-01,Dec 2023,Dominion Energy,,0.0,0.0
2023-12-01,Dec 2023,Duke Energy Progress,1334978.0,3225.0,0.0024157701475230305
